1/19/2007,34,54,0
1/21/2007,28,35.1,0.8
1/25/2007,30.9,46.9,0
1/27/2007,32,64,0
3/4/2007,34,50,0
3/5/2007,26.1,64,0
3/17/2007,33.1,48.9,0
3/18/2007,28,48.9,0
4/27/2007,63,82.9,0.25
4/29/2007,53.1,80.1,0
5/2/2007,63,90,0
5/3/2007,57,71.1,0
5/16/2007,62.1,84,0.02
5/18/2007,48.9,70,0
5/25/2007,55.9,86,0
6/14/2007,60.1,70,0.01
6/22/2007,62.1,91,0.13
6/24/2007,66.9,89.1,0.31
6/27/2007,69.1,93,0
6/28/2007,73,93.9,0
7/1/2007,66,86,0
7/3/2007,63,86,0
7/4/2007,64.9,89.1,0
7/15/2007,66.9,90,0
7/16/2007,70,91.9,0
7/22/2007,57.9,84.9,0
7/29/2007,66.9,89.1,0
8/9/2007,78.1,104,0
8/20/2007,75,102.9,0
8/26/2007,72,98.1,0.06
8/29/2007,73,93,0
9/3/2007,59,91,0
9/5/2007,66,96.1,0
9/9/2007,60.1,95,0
11/7/2007,30,55,0
11/9/2007,34,61,0
11/16/2007,34,51.1,0
11/19/2007,46,61,0
11/21/2007,46.9,78.1,0
11/25/2007,36,48.9,0.06
11/29/2007,36,63,0
12/2/2007,33.1,54,0
12/4/2007,36,45,0
1/11/2008,48.9,68,0
1/25/2008,21,39,0
2/25/2008,35.1,61,0.01
2/28/2008,21.9,43,0
3/1/2008,39.9,64.9,0
4/10/2008,48,78.1,0
4/19/2008,54,82,0
4/22/2008,55.9,71.1,0.23
7/6/2012,71.1,100,0
7/9/2012,73,96.1,0.23
7/11/2012,68,80.1,0.45
7/21/2012,71.1,93,1.09
7/25/2012,70,90,0
7/27/2012,73.9,99,0.14
8/10/2012,72,87.1,0.13
8/14/2012,66,91,0
8/24/2012,68,77,0.02
8/26/2012,64.9,84,0
8/28/2012,73,87.1,0
8/30/2012,68,89.1,0
9/2/2012,72,88,1.85
9/14/2012,63,80.1,0
9/25/2012,48,77,0
10/2/2012,66.9,88,0.12
10/25/2012,50,80.1,0
10/27/2012,62.1,66,0
11/1/2012,37.9,57.9,0
11/2/2012,34,64.9,0
11/18/2012,45,55.9,0
11/19/2012,46.9,59,0
11/30/2012,30.9,63,0
12/28/2012,27,45,0
12/29/2012,37.9,52,0.37
12/31/2012,25,53.1,0
2/11/2013,45,63,0.05
2/16/2013,32,46.9,0.39
11/2/2013,50,71.1,0
1/21/2011,28,46.9,0
1/28/2011,28,55.9,0
2/1/2011,34,53.1,0
2/5/2011,35.1,48.9,0.92
2/6/2011,30,54,0
4/21/2011,55,73,0.01
4/23/2011,54,78.1,0.01
4/24/2011,62.1,87.1,0
4/26/2011,68,82.9,0
4/27/2011,68,87.1,0.21
5/14/2011,63,79,0.12
5/17/2011,57.9,72,0.17
5/20/2011,57,82,0
5/22/2011,59,89.1,0
5/23/2011,66,91,0.09
6/2/2011,70,95,0
6/3/2011,66,84.9,0
6/5/2011,69.1,90,0
6/6/2011,69.1,90,0
6/10/2011,72,96.1,0
6/12/2011,66.9,93.9,0.24
6/16/2011,68,91,0
6/17/2011,66.9,91.9,0
6/24/2011,72,96.1,0.02
6/25/2011,70,89.1,0
6/26/2011,68,93.9,0
6/29/2011,68,93,0.04
7/1/2011,64.9,93,0
7/6/2011,73,89.1,0.22
7/14/2011,69.1,87.1,0
7/16/2011,63,89.1,0
7/17/2011,68,88,0
7/25/2011,73.9,97,0.07
8/1/2011,71.1,93.9,0
8/8/2011,73,96.1,0
8/23/2011,66,84,0
9/12/2011,66,87.1,0
9/21/2011,66.9,82.9,0.43
9/26/2011,68,84.9,0
10/10/2011,55.9,75,0
10/18/2011,59,82.9,1.04
10/19/2011,54,68,0.84
10/23/2011,39.9,69.1,0
10/24/2011,43,72,0
11/3/2011,36,66.9,0.17
11/4/2011,46.9,55,1.43
11/11/2011,33.1,53.1,0
11/21/2011,60.1,77,0
11/30/2011,34,53.1,0
1/6/2012,33.1,66,0
1/11/2012,44.1,60.1,0.61
1/12/2012,44.1,59,0
1/17/2012,42.1,64.9,0.1
1/20/2012,33.1,57,0.19
1/21/2012,36,57.9,0.42
2/1/2012,46.9,70,0
2/7/2012,32,57,0
2/14/2012,39,60.1,0
2/15/2012,41,64,0
2/18/2012,39.9,64.9,0
2/24/2012,50,78.1,0.09
2/28/2012,41,66,0
3/13/2012,57,78.1,0.02
4/8/2012,37.9,75.9,0
4/17/2012,60.1,86,0
4/28/2012,54,62.1,0
5/14/2012,63,75,0.49
5/20/2012,52,82,0
5/21/2012,66,82,0
6/12/2012,68,82.9,0.43
10/3/2009,55,82,0
10/10/2009,59,79,0.02
10/14/2009,46.9,61,0.14
10/17/2009,45,57.9,0
10/29/2009,48,68,0
11/3/2009,37.9,71.1,0
11/10/2009,55.9,63,0.88
11/16/2009,42.1,73.9,0
11/17/2009,46.9,63,0
11/18/2009,52,62.1,0.45
11/19/2009,57.9,73,0.01
11/22/2009,37,57,0.19
11/27/2009,36,54,0
12/1/2009,30,55.9,0
12/8/2009,33.1,46,0.45
12/11/2009,25,36,0
12/16/2009,28.9,48.9,0
12/17/2009,28,45,0
12/21/2009,24.1,48.9,0
12/23/2009,25,53.1,0
1/7/2010,19.9,48,0
1/8/2010,21.9,42.1,0.05
1/10/2010,19,37,0
1/14/2010,23,57,0
1/19/2010,35.1,66,0
2/16/2010,27,41,0
2/20/2010,23,59,0
2/22/2010,36,52,0.29
3/2/2010,33.1,42.1,0.29
3/9/2010,35.1,73,0
3/16/2010,39,52,0
3/20/2010,39.9,78.1,0
4/2/2010,54,88,0
4/4/2010,57.9,82.9,0
4/6/2010,62.1,90,0
4/14/2010,41,57,0
5/2/2010,72,91.9,0
5/10/2010,42.1,68,0
5/14/2010,64.9,93.9,0
5/16/2010,66.9,82,0.12
5/20/2010,57.9,79,0
5/26/2010,62.1,82.9,0
5/28/2010,64,87.1,0.41
6/1/2010,69.1,84.9,0.29
6/2/2010,71.1,88,0.01
6/14/2010,71.1,93,0
6/15/2010,72,93.9,0.01
6/25/2010,77,93.9,0
6/27/2010,73,100.9,0
7/20/2010,73,98.1,0.64
7/21/2010,75,97,0
7/24/2010,79,100,0
7/28/2010,73.9,93.9,0
7/30/2010,73,89.1,0
7/31/2010,64,78.1,0.12
8/3/2010,71.1,91,0
8/14/2010,73.9,88,0
8/18/2010,75,96.1,0.1
8/21/2010,66.9,90,0
8/23/2010,72,89.1,0
8/28/2010,70,90,0
8/31/2010,64.9,97,0
9/8/2010,71.1,91,0
9/10/2010,57.9,88,0
9/12/2010,64.9,88,0.03
9/13/2010,63,87.1,0
9/14/2010,60.1,96.1,0
9/19/2010,60.1,93,0
9/20/2010,64,93,0
9/22/2010,70,96.1,0
9/23/2010,71.1,99,0
9/24/2010,70,96.1,0
9/30/2010,68,77,1.84
10/5/2010,46.9,69.1,0
10/7/2010,46.9,82,0
10/12/2010,57,88,0
10/20/2010,52,64.9,0.1
10/22/2010,43,68,0
10/24/2010,46.9,78.1,0
10/30/2010,36,64.9,0
11/1/2010,46,63,0
11/3/2010,45,55.9,0.02
11/11/2010,39.9,66,0
11/15/2010,39.9,70,0
11/16/2010,54,66.9,0.38
11/17/2010,39.9,64.9,0.09
11/24/2010,46,63,0
12/9/2010,19.9,42.1,0
12/12/2010,36,52,0.4
12/14/2010,16,35.1,0
12/24/2010,21.9,46.9,0
12/31/2010,28.9,61,0
1/5/2011,26.1,46,0
1/9/2011,19,35.1,0
1/18/2011,32,46.9,0
1/22/2011,17.1,32,0
1/26/2011,37.9,43,0.37
1/27/2011,28,48,0
2/11/2011,21,51.1,0
2/13/2011,25,61,0
2/16/2011,34,63,0
2/18/2011,52,78.1,0
2/23/2011,28.9,53.1,0
3/3/2011,35.1,53.1,0
3/16/2011,46.9,64,0.05
3/19/2011,55.9,75,0
3/21/2011,52,75,0
3/23/2011,50,82.9,0.45
3/30/2011,39.9,48,1.05
4/1/2011,37.9,55,0
4/2/2011,37,64.9,0
4/7/2011,46,79,0
4/8/2011,53.1,82,0.06
4/10/2011,52,72,0
4/12/2011,57,73,0
4/13/2011,46.9,72,0
4/19/2011,55.9,84.9,0
7/27/2011,73,99,0
7/31/2011,73,84.9,1.16
8/4/2011,77,95,0
8/16/2011,64,88,0
9/1/2011,60.1,86,0
9/24/2011,66.9,78.1,0.03
9/29/2011,61,84,0
11/15/2011,62.1,78.1,0
11/23/2011,48.9,73.9,0.18
12/5/2011,45,71.1,0
12/10/2011,36,53.1,0
12/22/2011,61,68,0.08
12/27/2011,42.1,64,0.56
12/29/2011,26.1,55.9,0
12/31/2011,39.9,64.9,0
1/1/2012,35.1,68,0.01
1/25/2012,34,64,0
1/28/2012,32,62.1,0
1/29/2012,32,53.1,0
1/31/2012,36,68,0
2/8/2012,28.9,51.1,0
2/17/2012,42.1,63,0
3/4/2012,34,54,0.17
3/6/2012,27,54,0
3/8/2012,48,75,0
3/21/2012,60.1,75,0.04
3/25/2012,55.9,68,0.03
4/4/2012,57,84.9,0.62
4/29/2012,55,77,0
5/7/2012,57.9,78.1,0
5/8/2012,61,80.1,0
5/10/2012,51.1,72,0
5/13/2012,60.1,75,0.15
6/10/2012,64.9,89.1,0
6/16/2012,53.1,80.1,0
6/7/2008,73.9,100,0
6/22/2008,64.9,87.1,0.93
6/27/2008,71.1,96.1,0
7/9/2008,70,90,0.97
7/13/2008,68,91,0
7/17/2008,64,89.1,0
7/29/2008,72,91.9,0
7/30/2008,75,93,0
8/13/2008,61,73.9,0.11
8/17/2008,64.9,84.9,0
8/22/2008,64,88,0
8/29/2008,70,89.1,0
9/26/2008,63,81,0.96
10/20/2008,35.1,66.9,0
10/26/2008,44.1,70,0
12/23/2008,21.9,44.1,0
1/6/2009,43,57,0.9
2/6/2009,19.9,55,0
3/25/2009,42.1,48.9,0.01
3/27/2009,57,68,0.62
5/11/2009,48,68,0.07
5/12/2009,46.9,75.9,0
5/14/2009,60.1,82,0
6/20/2009,73.9,96.1,0
5/20/2008,57.9,82.9,0.43
5/22/2008,48,78.1,0
5/23/2008,52,79,0
6/14/2008,69.1,96.1,0.01
6/21/2008,66,88,1.18
9/4/2008,64,90,0
9/13/2008,72,91,0
9/15/2008,73,86,0
9/17/2008,60.1,73.9,0
9/24/2008,53.1,70,0
11/15/2008,51.1,75.9,0.62
11/22/2008,21,46,0
11/24/2008,28,55,0.19
2/9/2009,39.9,66,0
2/28/2009,37.9,57.9,0.72
3/1/2009,35.1,37.9,1.38
5/23/2009,61,84.9,0
5/26/2009,69.1,82,0.69
8/5/2009,72,96.1,0.18
8/7/2009,68,88,0
8/24/2009,68,87.1,0
8/27/2009,70,93.9,0
9/6/2009,63,87.1,0
9/13/2009,59,82,0
9/14/2009,57,87.1,0
9/18/2009,64.9,77,0
9/19/2009,62.1,81,0
9/26/2009,63,68,0.32
1/13/2007,48,69.1,0
2/5/2007,19.9,39.9,0
2/8/2007,27,48,0
2/9/2007,21.9,42.1,0
2/26/2007,41,61,0
4/11/2007,46,59,0.73
6/1/2008,64.9,91,0.14
6/5/2008,75.9,96.1,0
6/29/2008,69.1,95,0.82
7/7/2008,69.1,87.1,0
7/19/2008,70,90,0.76
10/10/2008,64.9,73,0.02
10/11/2008,60.1,71.1,0
10/14/2008,48.9,84.9,0
10/16/2008,55.9,84.9,0
11/5/2008,52,68,0
11/7/2008,46.9,80.1,0
11/10/2008,34,61,0
12/10/2008,61,70,0.07
12/17/2008,44.1,57.9,0
12/19/2008,54,71.1,0
1/17/2009,10.9,36,0
1/20/2009,23,35.1,0.19
1/26/2009,33.1,46.9,0
2/15/2009,34,54,0
2/16/2009,30.9,46,0
3/4/2009,19.9,50,0
3/14/2009,39,44.1,0.73
3/17/2009,43,62.1,0
4/5/2009,44.1,82.9,0
4/7/2009,41,51.1,0
4/14/2009,55.9,73,0.12
4/19/2009,53.1,73,0
4/20/2009,59,79,0.36
6/27/2009,71.1,93.9,0
6/30/2009,64,95,0
7/6/2009,70,82.9,0.12
7/9/2009,69.1,87.1,0
7/10/2009,66,84,0
7/23/2009,72,93,0
7/29/2009,72,91.9,0.28
7/30/2009,73.9,95,0.06
8/2/2009,73.9,82.9,0.27
8/9/2009,70,99,0
8/12/2009,71.1,84,0.03
9/7/2009,63,79,0.57
9/8/2009,68,80.1,0
2/28/2016,31.1,66.9,0
3/3/2016,28.2,48.9,0.03
3/6/2016,37,57.9,0.04
3/10/2016,57,79,0
3/11/2016,63,80.1,0
3/16/2016,57,86,0
3/20/2016,39.9,43,0.09
3/26/2016,55,64.9,0.06
3/30/2016,42.1,69.1,0
4/12/2016,55,64,0.85
4/13/2016,45,64,0
4/15/2016,39.9,66.9,0
4/16/2016,35.1,70,0
4/23/2016,61,77,0
4/24/2016,50,73.9,0
5/7/2016,50,75,0
5/14/2016,52,82,0
5/25/2016,59,87.1,0
5/26/2016,64,89.1,0
6/9/2016,52,82,0
6/13/2016,62.1,84.9,0
6/24/2016,69.1,88,0.1
6/26/2016,64,84.9,0
7/13/2016,72,93.9,0
7/16/2016,70,87.1,1.98
7/18/2016,72,93,0
7/29/2016,75,91.9,0
8/6/2016,73.9,93,0
8/8/2016,73,89.1,0.54
8/21/2016,73.9,93.9,0
8/29/2016,69.1,90,0
8/30/2016,66.9,91.9,0
9/6/2016,61,91,0
9/15/2016,66,90,0
9/18/2016,71.1,90,0.06
9/28/2016,66,86,0.45
9/29/2016,64.9,79,0.32
10/1/2016,66,84,0
10/10/2016,45,68,0
10/12/2016,48,73,0
10/18/2016,60.1,84,0
10/20/2016,61,86,0
10/23/2016,39.9,70,0
10/25/2016,44.1,66,0
10/26/2016,39,68,0
11/4/2016,45,69.1,0.07
11/5/2016,37.9,64.9,0
11/6/2016,37,71.1,0
11/9/2016,46.9,66.9,0
11/12/2016,30.2,55,0
11/19/2016,42.1,77,0
11/20/2016,31.1,53.1,0
11/21/2016,27.1,54,0
11/23/2016,28.2,62.1,0
11/29/2016,57.9,72,0.06
12/6/2016,43,48.9,0.56
12/7/2016,37,60.1,0
12/25/2016,48,60.1,0
12/27/2016,52,68,0.01
12/31/2016,23.2,50,0
1/6/2017,32,43,0.25
1/8/2017,15.3,27.1,0
1/10/2017,24.3,48,0
1/12/2017,54,73,0
1/23/2017,43,60.1,0.28
1/28/2017,27.1,52,0
1/30/2017,30.2,46,0
2/1/2017,42.1,70,0
2/5/2017,27.1,60.1,0.01
2/15/2017,39,55.9,0.34
2/19/2017,44.1,73,0
2/20/2017,42.1,73,0
2/24/2017,46.9,80.1,0
2/25/2017,52,81,0
2/27/2017,35.1,66,0
2/28/2017,50,77,0
3/8/2017,46,69.1,0.05
3/25/2017,52,75.9,0
4/7/2017,43,59,0
4/12/2017,55.9,82.9,0
4/16/2017,60.1,82,0
4/22/2017,55.9,87.1,0.09
4/23/2017,53.1,55.9,0.77
4/24/2017,53.1,60.1,4.51
5/4/2017,57,80.1,0.29
5/14/2017,48.9,81,0
5/22/2017,68,80.1,0.3
5/24/2017,64.9,73.9,0.29
5/27/2017,61,88,0
6/17/2017,72,86,0.21
6/18/2017,73.9,91,0.17
6/20/2017,66.9,82,0.72
6/22/2017,71.1,84,0
6/28/2017,57,82.9,0
6/29/2017,60.1,87.1,0
7/2/2017,71.1,91.9,0
7/3/2017,70,93,0.15
7/4/2017,71.1,91.9,0.84
7/9/2017,69.1,88,0
7/11/2017,71.1,95,0
7/14/2017,77,97,0
7/20/2017,71.1,99,0
7/23/2017,71.1,102,0.56
8/11/2017,73,89.1,1.2
8/12/2017,73,91.9,0.48
8/17/2017,75,93.9,0.24
8/29/2017,64,71.1,0.22
9/3/2017,62.1,82.9,0
9/7/2017,53.1,75.9,0
9/9/2017,53.1,75.9,0
9/11/2017,57.9,66.9,0.01
9/21/2017,64.9,88,0
10/14/2017,62.1,78.1,0
10/19/2017,42.1,75.9,0
10/21/2017,48,79,0
10/22/2017,51.1,79,0
10/25/2017,42.1,66,0
10/26/2017,39.9,63,0
10/28/2017,46.9,73.9,0.76
10/30/2017,36,59,0
11/12/2017,28.2,48.9,0.03
11/22/2017,42.1,62.1,0.03
12/12/2017,30.2,53.1,0
12/28/2017,18.1,30.2,0
12/31/2017,23.2,35.1,0
1/2/2018,12.2,32,0
1/10/2018,43,61,0
1/29/2018,33.1,52,0.59
2/13/2018,37,44.1,0
2/16/2018,55.9,81,0.02
2/20/2018,50,72,0
3/15/2018,24.3,64.9,0
3/18/2018,39.9,60.1,0.01
3/23/2018,27.1,55.9,0
3/28/2018,43,75.9,0
4/1/2018,41,75,0
4/8/2018,32,52,0
4/19/2018,45,75.9,0
6/2/2018,68,87.1,0.08
6/14/2018,70,91,0
7/26/2018,68,91.9,0
7/29/2018,70,88,0.07
8/20/2018,68,87.1,0.86
8/22/2018,70,88,0.01
8/25/2018,59,82.9,0
8/29/2018,72,93.9,0
9/4/2018,72,91.9,0.01
1/22/2018,37.9,62.1,0
1/27/2018,31.1,66.9,0
11/17/2014,43,66.9,0.43
11/27/2014,35.1,46.9,0.05
12/5/2014,39.9,52,0
12/15/2014,30.2,60.1,0
12/16/2014,37,52,0.32
12/17/2014,39,60.1,0
12/20/2014,31.1,39,0.07
12/21/2014,37.9,50,0
12/24/2014,46,66,1.71
12/26/2014,30.2,57.9,0
12/30/2014,28.2,41,0.02
1/1/2015,23.2,51.1,0
1/8/2015,11.1,27.1,0
1/10/2015,22.1,39,0
1/15/2015,31.1,41,0
1/17/2015,27.1,51.1,0
1/18/2015,41,60.1,0.49
1/22/2015,30.2,59,0
1/24/2015,35.1,48.9,0.14
2/2/2015,29.1,62.1,0.39
2/5/2015,27.1,50,0
2/12/2015,29.1,54,0
2/21/2015,18.1,39.9,0
2/26/2015,28.2,35.1,0.72
2/27/2015,23.2,45,0
3/2/2015,34,61,0
3/4/2015,37.9,75,0.02
3/9/2015,48,64.9,0
3/19/2015,39.9,54,0.34
4/8/2015,62.1,84,0
4/20/2015,63,78.1,0.28
4/26/2015,45,54,0.02
4/28/2015,39,69.1,0
5/3/2015,46.9,79,0
5/23/2015,48,80.1,0
5/27/2015,69.1,87.1,0.3
5/31/2015,69.1,89.1,0
6/9/2015,66.9,89.1,0.31
6/13/2015,73.9,95,0
6/22/2015,70,96.1,0
6/28/2015,64,84,0
7/16/2015,72,86,0
7/25/2015,64,88,0
7/26/2015,66,89.1,0
7/27/2015,72,90,0
8/2/2015,64.9,90,0
8/6/2015,71.1,95,1.68
8/19/2015,72,89.1,0.19
8/21/2015,70,88,0
8/23/2015,61,87.1,0
9/9/2015,71.1,91,0.21
9/12/2015,68,78.1,0.34
9/13/2015,55,75.9,0
9/17/2015,60.1,84,0
9/20/2015,62.1,86,0
9/24/2015,60.1,75.9,0.2
9/27/2015,64,77,0.03
10/1/2015,57.9,66,0.34
10/3/2015,53.1,68,1.23
10/17/2015,39,66.9,0
10/21/2015,37.9,75.9,0
10/25/2015,55.9,77,0
11/7/2015,59,72,0.54
11/10/2015,48,69.1,0.22
11/12/2015,45,77,0
11/13/2015,44.1,66,0
11/15/2015,31.1,64,0
11/17/2015,37.9,66.9,0
11/18/2015,53.1,72,0
11/29/2015,48.9,73.9,0.13
12/3/2015,39,57.9,0
12/4/2015,33.1,54,0
12/9/2015,42.1,64,0
12/10/2015,44.1,66.9,0
12/18/2015,37,59,0.16
12/24/2015,66,77,0.04
12/25/2015,64.9,73.9,0
12/26/2015,63,73.9,0.01
1/3/2016,31.1,53.1,0
1/10/2016,37,63,0.05
1/13/2016,27.1,43,0
1/18/2016,22.1,35.1,0
1/24/2016,28.2,46.9,0
1/26/2016,35.1,61,0
1/30/2016,26.2,55.9,0
2/1/2016,46.9,72,0
2/3/2016,51.1,72,1.26
2/7/2016,37,44.1,0
2/11/2016,19.2,41,0
2/13/2016,21.2,34,0
2/16/2016,35.1,60.1,1.16
2/21/2016,45,71.1,0.04
2/23/2016,43,46,0.19
12/17/2017,27.1,51.1,0
12/19/2017,36,70,0
1/18/2018,10.2,34,0
1/20/2018,26.2,55.9,0
2/1/2018,31.1,62.1,0
2/7/2018,44.1,64.9,0.21
2/28/2018,39,57,0.07
3/5/2018,26.2,54,0
3/8/2018,27.1,46.9,0
3/11/2018,37.9,48.9,0.21
3/12/2018,32,37.9,0.92
5/2/2018,53.1,84.9,0
5/4/2018,60.1,84.9,0
5/6/2018,62.1,84.9,0.16
5/14/2018,68,93,0
5/15/2018,69.1,88,0.02
6/18/2018,73.9,93.9,0
6/25/2018,72,88,0.02
8/5/2018,72,93,0
8/12/2018,70,89.1,0.8
8/19/2018,68,88,1.83
8/27/2018,69.1,93,0
8/28/2018,71.1,93.9,0
9/7/2018,71.1,91.9,0.03
9/9/2018,66.9,80.1,0.15
9/10/2018,66.9,88,0.26
9/12/2018,72,88,0.13
9/13/2018,73.9,81,0.28
9/14/2018,73,79,2.5
9/16/2018,73,75.9,0.9
6/25/2012,72,93,0
7/1/2012,75,102.9,0
7/29/2012,66.9,91.9,0
8/2/2012,72,93,0.05
8/6/2012,73.9,93,0.49
10/7/2012,50,64.9,0.23
10/14/2012,44.1,78.1,0
10/16/2012,44.1,70,0
12/2/2012,39,69.1,0
12/14/2012,27,57.9,0
12/16/2012,48,57.9,0.09
12/21/2012,37,57.9,0
12/24/2012,44.1,53.1,0
1/15/2013,44.1,60.1,0.01
1/21/2013,28.9,59,0
2/10/2013,25,53.1,0.03
2/23/2013,36,44.1,0.92
2/25/2013,32,42.1,0
3/9/2013,33.1,62.1,0
3/15/2013,28,62.1,0
3/20/2013,37.9,55,0
3/25/2013,35.1,48,0
3/26/2013,32,50,0
3/30/2013,37.9,66,0
4/5/2013,39,63,0.04
4/9/2013,57,82.9,0
4/17/2013,57.9,80.1,0
4/20/2013,44.1,64,0.01
4/21/2013,41,61,0
5/2/2013,52,64.9,0
5/4/2013,48.9,64,0
5/5/2013,50,60.1,0
5/10/2013,55.9,84,0
5/11/2013,64.9,81,0.3
5/17/2013,61,86,0
5/25/2013,41,73,0
6/5/2013,64,82,0
6/11/2013,70,86,0
6/14/2013,59,80.1,0
6/19/2013,64.9,80.1,0
7/16/2013,69.1,93.9,0
7/21/2013,73,89.1,0
8/2/2013,66.9,89.1,0.77
8/5/2013,64,82,0
8/12/2013,73,91.9,0.66
8/13/2013,71.1,90,0.08
8/18/2013,66.9,81,0.05
8/29/2013,72,87.1,0
9/3/2013,71.1,89.1,0.3
9/4/2013,68,84.9,0
10/8/2013,57.9,63,0
10/13/2013,62.1,66.9,0.07
10/29/2013,50,73,0
10/30/2013,55,72,0
11/9/2013,30.2,59,0
11/12/2013,35.1,61,0.01
11/17/2013,52,71.1,0.08
11/18/2013,54,75,0.06
11/19/2013,41,55.9,0
11/28/2013,23.2,45,0
12/19/2013,30.2,62.1,0
12/21/2013,50,73.9,0
1/2/2014,37,48.9,0.33
1/11/2014,45,69.1,0.28
1/13/2014,33.1,62.1,0
1/15/2014,33.1,59,0
1/18/2014,27.1,46.9,0
1/19/2014,30.2,54,0
1/27/2014,33.1,64.9,0
2/8/2014,34,50,0
2/11/2014,25.2,35.1,0
2/14/2014,27.1,55.9,0
2/16/2014,29.1,53.1,0
2/19/2014,48.9,72,0.5
2/20/2014,52,72,0
3/3/2014,20.1,61,0.36
3/16/2014,36,55.9,0.29
3/17/2014,31.1,36,0.46
3/22/2014,46,75.9,0
3/31/2014,36,72,0
4/12/2014,54,81,0
4/15/2014,39,71.1,1.32
4/25/2014,48.9,80.1,0.47
4/27/2014,51.1,84,0
5/2/2014,51.1,69.1,0
5/3/2014,53.1,75.9,0
5/7/2014,59,78.1,0
5/19/2014,45,73,0
5/21/2014,60.1,87.1,0
5/23/2014,63,82,0
5/27/2014,66,90,0.22
6/7/2014,62.1,84.9,0
6/9/2014,69.1,90,0.29
6/11/2014,68,93.9,0.58
6/23/2014,64.9,84.9,0
6/24/2014,64.9,86,0
6/26/2014,69.1,93,0
6/29/2014,60.1,84.9,0
6/30/2014,66,90,0
7/7/2014,66.9,96.1,0
7/12/2014,66,90,0
7/18/2014,64,86,0
7/21/2014,73,79,1.16
7/31/2014,66,82,0.08
8/1/2014,64.9,75.9,0.71
8/3/2014,66.9,80.1,0
8/8/2014,69.1,81,0
8/10/2014,66,81,0.56
8/13/2014,66.9,82,0
8/20/2014,70,90,1.06
8/24/2014,63,81,0
8/31/2014,73,91,0
9/1/2014,73,93,0
9/2/2014,71.1,96.1,0
9/5/2014,71.1,91,0
9/9/2014,66,75.9,0.03
9/10/2014,68,81,0
9/14/2014,62.1,71.1,0.03
9/16/2014,66.9,82.9,0.01
9/18/2014,59,81,0.01
9/29/2014,64,73,0.01
10/1/2014,55.9,79,0
10/5/2014,41,66,0
10/7/2014,55,80.1,0
10/21/2014,51.1,73.9,0
10/26/2014,45,75.9,0
10/28/2014,50,84,0
10/30/2014,46.9,66.9,0
11/4/2014,39.9,66,0
11/6/2014,50,68,0.21
4/5/2007,41,57.9,0
4/6/2007,30,57,0.01
4/17/2007,46.9,72,0
4/19/2007,44.1,57.9,0.04
4/23/2007,52,82.9,0
4/28/2007,59,75.9,0
5/5/2007,55,66,0.01
5/7/2007,42.1,70,0
5/8/2007,50,69.1,0.04
9/15/2007,61,82,0
9/23/2007,66,91.9,0
9/24/2007,64.9,86,0
9/26/2007,63,89.1,0
10/9/2007,66,93.9,0
10/18/2007,63,84.9,0.04
10/31/2007,37.9,73.9,0
11/3/2007,39.9,66,0
12/13/2007,54,75.9,0.01
12/17/2007,28,44.1,0
12/23/2007,46.9,66.9,0.16
12/27/2007,36,57.9,0
1/3/2008,19.9,35.1,0
1/8/2008,50,73,0
1/29/2008,37,64,0
2/1/2008,36,60.1,0.83
2/6/2008,61,77,0
2/7/2008,43,66,0
2/11/2008,27,46.9,0
2/12/2008,30,62.1,0.28
2/18/2008,45,73,0.29
2/19/2008,30.9,55,0
3/12/2008,44.1,68,0
3/25/2008,28.9,57.9,0
4/2/2008,51.1,66,0
4/24/2008,51.1,80.1,0
4/26/2008,60.1,87.1,0
5/5/2008,55,73,0
5/14/2008,44.1,73.9,0
10/6/2007,68,82.9,0
10/14/2007,46,78.1,0
10/22/2007,55.9,82.9,0
10/29/2007,37,61,0
10/30/2007,33.1,66.9,0
11/13/2007,46.9,73.9,0
11/23/2007,35.1,51.1,0
11/24/2007,25,50,0
12/1/2007,27,57.9,0
12/10/2007,55.9,81,0
12/11/2007,51.1,73.9,0
12/15/2007,37.9,46.9,0.97
12/21/2007,39.9,48,0.01
12/24/2007,32,57.9,0
1/1/2008,35.1,55,0
1/9/2008,55.9,73,0
1/14/2008,30.9,52,0
1/18/2008,33.1,51.1,0
1/19/2008,33.1,42.1,0.28
1/31/2008,27,51.1,0
2/3/2008,37.9,66,0
2/20/2008,30.9,64.9,0
2/22/2008,32,42.1,0.29
2/24/2008,37,46,0.03
3/2/2008,32,63,0
3/4/2008,57.9,73.9,2
3/17/2008,33.1,57.9,0
3/18/2008,39,59,0
3/22/2008,48,75,0
3/23/2008,37,57.9,0
4/3/2008,46,52,0.49
4/6/2008,48.9,61,0.16
4/7/2008,46,55.9,0
4/17/2008,37.9,80.1,0
4/25/2008,55,82,0
4/29/2008,45,61,0
5/7/2008,51.1,82.9,0
5/8/2008,64.9,77,0.07
5/12/2008,51.1,64,0.01
5/15/2008,60.1,78.1,0.11
5/16/2008,57.9,82,0.39
5/28/2008,55.9,73,0.17
5/30/2008,54,86,0
6/10/2008,73.9,100.9,0
6/16/2008,66.9,95,0.1
6/18/2008,55.9,84.9,0
7/8/2008,70,88,0
7/12/2008,68,89.1,0
8/7/2008,73,93,0
8/12/2008,55.9,89.1,0
8/14/2008,60.1,84.9,0
8/20/2008,68,91.9,0.56
8/23/2008,66,88,0
9/2/2008,61,87.1,0
9/10/2008,66.9,75,1.19
9/11/2008,66.9,78.1,0
9/20/2008,53.1,73,0
9/28/2008,66.9,82.9,0
10/1/2008,51.1,73,0.25
10/5/2008,54,82,0
10/12/2008,55.9,78.1,0
10/15/2008,54,87.1,0
10/29/2008,34,59,0
11/8/2008,44.1,73,0.06
11/18/2008,32,45,0
11/19/2008,27,45,0
11/30/2008,39,59,0.96
12/4/2008,33.1,57.9,0
12/9/2008,36,66,0
12/13/2008,25,46.9,0
12/18/2008,48.9,57.9,0.02
12/20/2008,48.9,61,0.19
12/22/2008,21,36,0
12/26/2008,37,48,0.04
12/30/2008,37,64,0
1/14/2009,28,46,0
1/19/2009,35.1,50,0.02
1/25/2009,30,36,0
1/27/2009,39.9,43,0.11
1/29/2009,30,54,0
1/31/2009,26.1,46.9,0
2/10/2009,48,73,0
2/11/2009,54,75,0.04
2/17/2009,23,50,0
2/19/2009,34,57.9,0
2/24/2009,23,46,0
2/27/2009,53.1,72,0.03
3/2/2009,23,35.1,0.3
3/6/2009,39.9,73.9,0
3/7/2009,48.9,82,0
3/8/2009,53.1,84,0
3/23/2009,42.1,66,0
3/26/2009,46,69.1,0.43
3/29/2009,50,77,0
4/9/2009,43,70,0
4/10/2009,54,78.1,0.35
4/12/2009,44.1,66,0
4/15/2009,48.9,64,0
4/25/2009,66,91.9,0
5/5/2009,60.1,73,0.98
5/8/2009,62.1,82,0
5/9/2009,66.9,90,0.08
5/15/2009,69.1,84.9,0
5/18/2009,48.9,66.9,0.06
5/19/2009,45,71.1,0
5/25/2009,66.9,82.9,0.13
5/27/2009,64,86,0
5/29/2009,68,88,0
5/30/2009,63,84.9,0
6/1/2009,64.9,87.1,0
6/2/2009,66,93.9,0
6/11/2009,69.1,89.1,0
6/17/2009,68,80.1,0.05
6/19/2009,70,91,0
6/29/2009,72,91.9,0
7/1/2009,64.9,97,0.04
7/12/2009,72,97,0
7/19/2009,66,88,0
7/22/2009,68,91.9,0
7/26/2009,73,99,0.06
8/3/2009,70,95,0.03
8/15/2009,71.1,88,0
8/17/2009,68,93,0.06
8/22/2009,70,86,0.25
8/23/2009,69.1,84.9,0
9/3/2009,59,81,0
9/9/2009,62.1,82,0
9/10/2009,59,72,0
9/21/2009,57,82,0
9/24/2009,71.1,90,0
1/2/2007,32,55.9,0
1/3/2007,28.9,62.1,0
1/4/2007,46,69.1,0
1/10/2007,27,44.1,0
1/15/2007,57,73.9,0
1/17/2007,28.9,39.9,0
1/18/2007,27,35.1,0.29
1/30/2007,24.1,48.9,0
2/10/2007,26.1,46,0
2/18/2007,26.1,45,0
2/20/2007,41,66,0
2/21/2007,50,73,0.01
3/29/2007,41,61,0.18
3/30/2007,34,70,0
3/31/2007,46.9,79,0
4/12/2007,55.9,75,0.93
4/13/2007,46,66.9,0
5/22/2007,63,81,0
5/23/2007,55,82,0
5/26/2007,61,91,0
5/27/2007,61,91,0
6/7/2007,66,93.9,0
6/21/2007,62.1,87.1,0
6/26/2007,69.1,95,0.53
7/26/2007,66,91.9,0
7/30/2007,72,88,0.13
8/7/2007,75,99,0
8/25/2007,75,99,0
9/11/2007,73.9,99,0
9/12/2007,66,91,0
9/28/2007,64,84.9,0
9/29/2007,50,79,0
3/1/2007,41,66.9,0.2
3/11/2007,39.9,70,0
3/15/2007,57,81,0
3/19/2007,26.1,63,0
3/21/2007,50,63,0
3/22/2007,43,77,0
3/25/2007,51.1,79,0
4/16/2007,43,60.1,0
4/18/2007,42.1,66.9,0
4/20/2007,44.1,71.1,0
4/21/2007,39.9,77,0
4/24/2007,57.9,82.9,0
5/9/2007,63,81,0.31
5/30/2007,63,90,0
6/1/2007,64,89.1,0
6/3/2007,64.9,77,1.53
6/4/2007,60.1,90,0
6/5/2007,64,90,0.03
6/30/2007,71.1,89.1,0
7/2/2007,63,84,0
7/12/2007,70,89.1,0
7/14/2007,61,87.1,0
7/23/2007,62.1,84.9,0
7/25/2007,64.9,88,0
8/14/2007,71.1,93.9,0
8/15/2007,70,99,0
9/18/2007,53.1,78.1,0
9/20/2007,64.9,73.9,0.31
6/27/2012,55,87.1,0
6/30/2012,70,105.1,0
7/8/2012,75.9,105.1,0
7/13/2012,72,88,0
7/19/2012,75.9,99,0
7/20/2012,73.9,95,0.14
7/24/2012,73,96.1,0.01
7/30/2012,71.1,89.1,0
8/17/2012,64.9,91.9,0
8/18/2012,66.9,86,0
8/25/2012,63,72,0.41
9/7/2012,71.1,84.9,0
9/8/2012,69.1,90,0.31
9/13/2012,55,80.1,0
9/22/2012,63,84.9,0
9/24/2012,51.1,72,0
9/26/2012,54,82.9,0
9/27/2012,59,84.9,0
10/1/2012,61,66.9,0.14
10/4/2012,64,79,0
10/24/2012,51.1,82,0
10/28/2012,51.1,64,0.03
11/4/2012,42.1,55,0
11/5/2012,37,55,0
11/6/2012,33.1,46.9,0
11/24/2012,32,55,0
11/28/2012,28.9,53.1,0
12/4/2012,48.9,71.1,0
12/5/2012,44.1,64.9,0
12/6/2012,37,51.1,0
12/20/2012,39.9,62.1,0.42
12/27/2012,34,50,0
1/1/2013,43,50,0.21
1/7/2013,28.9,52,0
1/11/2013,41,51.1,0.22
1/12/2013,48.9,71.1,0
1/16/2013,42.1,50,0.18
1/19/2013,26.1,54,0
1/20/2013,35.1,63,0
1/25/2013,19.9,28,0.32
1/28/2013,32,51.1,0.01
1/31/2013,33.1,63,0.09
2/1/2013,26.1,39.9,0
2/2/2013,19,45,0
2/3/2013,35.1,50,0
2/4/2013,26.1,48.9,0
2/6/2013,30,62.1,0
2/20/2013,27,52,0
2/22/2013,32,42.1,0.36
3/6/2013,37,46,0.01
3/12/2013,48,69.1,0.65
3/13/2013,34,57.9,0
3/17/2013,39,61,0
3/23/2013,35.1,55,0
3/28/2013,28,55.9,0
3/31/2013,48,68,0.87
4/3/2013,39,60.1,0
4/10/2013,60.1,84.9,0
4/16/2013,57.9,75.9,0
4/24/2013,48.9,77,0
5/16/2013,62.1,84,0
5/19/2013,64,78.1,0.54
6/16/2013,62.1,87.1,0
6/18/2013,69.1,84.9,0.14
6/23/2013,66.9,86,0.04
6/27/2013,66.9,89.1,0
6/29/2013,68,86,0.1
7/3/2013,73,84.9,0
7/7/2013,70,89.1,0
7/8/2013,72,90,0
7/11/2013,72,84,0.2
7/17/2013,73.9,93,0
7/18/2013,73,93,0
7/19/2013,75,91.9,0
7/22/2013,72,91,0
7/30/2013,62.1,87.1,0
7/31/2013,70,82.9,0.51
8/9/2013,73.9,91.9,0
8/19/2013,66.9,75,0.6
8/26/2013,55,82.9,0
8/31/2013,68,90,0
9/7/2013,59,82,0
9/9/2013,64,87.1,0
9/11/2013,68,91,0
9/12/2013,70,90,0
9/17/2013,57.9,75.9,0
9/20/2013,62.1,72,0.19
9/23/2013,54,73,0
10/1/2013,51.1,82,0
10/6/2013,63,84.9,0
10/10/2013,53.1,61,0.14
10/12/2013,61,69.1,0.01
10/15/2013,54,71.1,0
10/21/2013,39,68,0
10/27/2013,39.9,69.1,0
11/4/2013,35.1,55,0
11/21/2013,41,62.1,0
11/23/2013,43,61,0.01
12/23/2013,46.9,68,1.95
12/25/2013,23.2,39.9,0
12/31/2013,32,51.1,0
1/1/2014,29.1,51.1,0
1/9/2014,25.2,54,0
1/14/2014,37.9,54,0.3
1/16/2014,32,44.1,0.07
1/24/2014,11.1,27.1,0
1/25/2014,18.1,39.9,0
2/13/2014,30.2,36,0.39
2/15/2014,32,45,0.27
2/18/2014,35.1,64.9,0
3/2/2014,34,71.1,0
3/13/2014,29.1,45,0
3/14/2014,24.3,60.1,0
3/18/2014,30.2,37,0.09
3/23/2014,36,57,0.14
4/14/2014,63,75.9,0.03
4/20/2014,48.9,68,0
4/21/2014,42.1,73.9,0
4/24/2014,39.9,71.1,0
5/5/2014,55,73,0
5/6/2014,55.9,84,0
5/13/2014,66.9,91.9,0
5/22/2014,64,88,0
5/29/2014,64.9,75.9,0.08
6/3/2014,57,89.1,0.05
6/6/2014,68,82.9,0
6/8/2014,64.9,87.1,0
6/10/2014,68,93.9,0
6/13/2014,66.9,88,0.42
6/14/2014,60.1,86,0
6/25/2014,73,93,0
6/27/2014,70,84.9,0.88
7/5/2014,61,82.9,0
7/16/2014,64,80.1,0
7/30/2014,63,81,0
8/2/2014,64,70,0.08
8/11/2014,70,84,0.31
8/15/2014,61,86,0
10/9/2014,51.1,79,0
10/14/2014,70,79,0.42
10/16/2014,53.1,72,0
10/17/2014,48.9,73.9,0
10/18/2014,53.1,75,0
10/20/2014,41,71.1,0
10/22/2014,48,66.9,0
10/25/2014,39,71.1,0
11/9/2014,39.9,60.1,0
11/11/2014,45,72,0
11/15/2014,25.2,46,0
11/26/2014,35.1,50,1.69
12/7/2014,35.1,53.1,0
12/19/2014,36,52,0
1/9/2015,22.1,45,0
1/27/2015,30.2,44.1,0.01
2/4/2015,25.2,54,0
2/16/2015,19.2,27.1,0.22
2/18/2015,19.2,39.9,0.06
3/8/2015,35.1,71.1,0
3/14/2015,45,62.1,0.3
11/20/2013,37,52,0
12/3/2013,33.1,57.9,0
12/4/2013,53.1,64,0
12/7/2013,42.1,69.1,0.11
12/9/2013,34,46,0.17
12/16/2013,28.2,54,0
1/7/2014,9.1,25.2,0
1/8/2014,15.3,43,0
2/3/2014,39.9,64,0.18
2/9/2014,29.1,55,0
3/6/2014,30.2,42.1,0.55
3/8/2014,27.1,68,0
3/19/2014,35.1,46.9,0.04
3/20/2014,39,66,0
5/8/2014,55,89.1,0
5/10/2014,64,86,0
5/12/2014,57.9,90,0
5/24/2014,53.1,79,0
5/28/2014,64,90,0
6/21/2014,68,91,0
6/22/2014,68,84,0
7/1/2014,73.9,93,0
7/3/2014,73.9,90,0
7/19/2014,66,82,0
7/22/2014,72,84.9,0
8/4/2014,68,84.9,0
8/6/2014,70,90,0
8/18/2014,70,88,0.61
8/21/2014,71.1,91,0
8/30/2014,72,89.1,0
9/7/2014,70,78.1,0
9/8/2014,68,73,1.04
9/11/2014,66.9,88,0.09
9/13/2014,69.1,80.1,0.02
9/20/2014,57.9,81,0
9/21/2014,63,87.1,0.12
9/24/2014,55,64,3.18
9/25/2014,63,68,0.03
9/28/2014,54,79,0
11/22/2014,22.1,54,0
11/29/2014,27.1,54,0
12/9/2014,35.1,45,0.5
12/25/2014,35.1,64,0.03
1/3/2015,46,51.1,0.16
1/7/2015,16.2,39,0
1/16/2015,30.2,53.1,0
1/19/2015,31.1,63,0
1/28/2015,25.2,46,0
2/17/2015,19.2,35.1,0.39
2/20/2015,7.2,26.2,0
3/10/2015,50,75,0
3/13/2015,42.1,53.1,0.02
3/18/2015,39,60.1,0
12/14/2017,30.2,57,0
12/20/2017,48,55.9,0.42
1/26/2018,25.2,57,0
3/4/2018,35.1,55.9,0
3/7/2018,35.1,54,0
3/10/2018,37.9,55.9,0
3/16/2018,39,68,0
3/20/2018,36,57,1.05
4/4/2018,48,77,0
4/23/2018,52,66,0.01
5/3/2018,57,84.9,0
5/9/2018,50,79,0
6/13/2018,66.9,84.9,0
7/27/2018,73,95,0
8/4/2018,71.1,89.1,0
8/14/2018,64.9,86,0.12
9/8/2018,71.1,91,0
9/18/2018,71.1,84.9,0
9/19/2018,64.9,88,0
9/24/2018,64,73.9,0
9/26/2018,66,87.1,0.12
9/28/2018,64.9,79,0.02
10/15/2009,45,55,0.07
10/16/2009,46,57.9,0
10/19/2009,34,61,0
10/20/2009,35.1,72,0
10/22/2009,46,78.1,0
10/23/2009,60.1,81,0
10/26/2009,44.1,64,0.06
11/4/2009,37.9,64,0
11/5/2009,37.9,64.9,0
11/14/2009,48,66.9,0.01
11/24/2009,48,57.9,0
11/26/2009,41,61,0.07
12/5/2009,36,48,0.41
12/6/2009,28,44.1,0
12/12/2009,21.9,43,0
12/19/2009,30,34,0.44
12/20/2009,26.1,45,0
12/25/2009,36,59,0.8
12/29/2009,24.1,42.1,0
1/1/2010,30.9,48,0
1/3/2010,18,32,0
1/5/2010,17.1,36,0
1/6/2010,19,41,0
1/16/2010,30,62.1,0.02
1/18/2010,39,62.1,0
1/23/2010,30,50,0
1/25/2010,46.9,66,0.86
1/26/2010,30.9,51.1,0
1/31/2010,17.1,37.9,0
2/3/2010,33.1,51.1,0.01
2/8/2010,21.9,46,0
2/15/2010,28.9,51.1,0.03
2/24/2010,37,48,0.12
2/27/2010,30,51.1,0
2/28/2010,26.1,51.1,0
3/10/2010,50,69.1,0.16
3/17/2010,35.1,64,0
3/28/2010,37.9,69.1,0.09
4/1/2010,43,84,0
4/5/2010,57.9,88,0
4/10/2010,42.1,70,0
4/11/2010,41,75.9,0
4/12/2010,46,78.1,0
4/17/2010,55.9,78.1,0
4/18/2010,41,66,0
4/23/2010,48,72,0
4/24/2010,57,77,0.11
4/25/2010,62.1,81,0.29
4/28/2010,41,66.9,0
5/5/2010,55.9,89.1,0
5/11/2010,55.9,68,0
5/18/2010,54,63,0.08
5/21/2010,54,84,0
6/3/2010,70,89.1,0
6/8/2010,64,82.9,0
6/10/2010,73.9,91,0
6/11/2010,70,91,0
6/17/2010,71.1,91,0
6/22/2010,69.1,98.1,0
6/29/2010,75,96.1,0
6/30/2010,69.1,78.1,0.18
7/4/2010,61,93,0
7/7/2010,69.1,102,0
7/9/2010,72,95,0.4
7/13/2010,72,93,0.38
7/18/2010,71.1,95,0.01
7/19/2010,75,93,0
8/16/2010,73.9,95,0
8/22/2010,73,91,0.07
8/29/2010,66.9,90,0
9/3/2010,73,99,0
9/4/2010,59,87.1,0
9/15/2010,59,93.9,0
9/28/2010,64,81,0.05
11/2/2010,41,57.9,0
11/7/2010,30,53.1,0
11/19/2010,34,61,0
11/28/2010,26.1,52,0
12/2/2010,26.1,48.9,0
12/7/2010,21,35.1,0
12/19/2010,28.9,43,0
1/4/2011,23,54,0
1/8/2011,24.1,44.1,0
1/16/2011,25,53.1,0
1/17/2011,30,46,0.03
1/29/2011,24.1,57.9,0
3/28/2011,30.9,48.9,0.02
4/20/2011,64,84,0
4/29/2011,52,75.9,0
5/3/2011,63,84.9,0
5/5/2011,42.1,68,0
5/7/2011,53.1,73.9,0
5/15/2011,63,80.1,0.02
5/21/2011,55,84,0
6/14/2011,64,84,0
6/27/2011,73,93,0.03
7/11/2011,73.9,96.1,0
7/19/2011,70,96.1,0
7/20/2011,75,100,0
8/6/2011,73,89.1,4.31
8/15/2011,64,84.9,0
8/27/2011,72,78.1,0.54
9/16/2011,55,60.1,0.09
9/17/2011,55,61,0.23
9/18/2011,57,70,0
9/19/2011,60.1,75,0
9/20/2011,64,78.1,0
9/25/2011,70,80.1,0
9/28/2011,66.9,82.9,0.78
10/9/2011,52,77,0
11/2/2011,34,64,0
11/13/2011,39.9,66.9,0
11/14/2011,55.9,75.9,0
11/20/2011,46,73.9,0
11/27/2011,51.1,75,0
12/3/2011,35.1,57,0
12/8/2011,33.1,51.1,0
12/17/2011,30.9,48.9,0.09
12/18/2011,27,48.9,0
12/30/2011,36,62.1,0
1/4/2012,19,44.1,0
1/7/2012,39,72,0
1/9/2012,43,48.9,0.28
1/13/2012,30,55,0
1/14/2012,23,46,0
1/24/2012,43,64,0
1/26/2012,39.9,69.1,0
2/5/2012,32,50,0.15
2/10/2012,28.9,50,0
2/21/2012,28,57.9,0
2/23/2012,45,73.9,0.2
3/1/2012,52,80.1,0.01
3/9/2012,39.9,61,0.28
3/10/2012,39,57,0
3/16/2012,57.9,80.1,0.19
4/7/2012,37,68,0
4/9/2012,45,73.9,0
4/13/2012,36,69.1,0
4/30/2012,61,80.1,0
5/6/2012,61,73,0.01
6/3/2012,52,81,0
12/21/2017,36,53.1,0
12/23/2017,48,71.1,0
12/29/2017,15.3,42.1,0
1/1/2018,13.1,28.2,0
1/13/2018,29.1,55.9,0
1/15/2018,17.2,39,0
1/17/2018,23.2,37.9,0.49
1/19/2018,19.2,48.9,0
2/3/2018,18.1,42.1,0
2/4/2018,33.1,55.9,0.61
2/12/2018,42.1,64.9,0.08
2/18/2018,39,61,0.02
3/3/2018,35.1,57,0
3/25/2018,33.1,54,0.3
3/29/2018,55.9,80.1,0
3/30/2018,51.1,71.1,0.03
4/14/2018,59,81,0
5/18/2018,71.1,82,0.23
5/20/2018,69.1,86,0
6/1/2018,69.1,91.9,0
6/4/2018,64,84.9,0
6/8/2018,64.9,89.1,0
6/10/2018,66.9,91,0.2
6/30/2018,71.1,93.9,0.02
7/2/2018,75,95,0
7/4/2018,72,93,0
10/2/2018,61,82.9,0
1/30/2018,25.2,39.9,0.04
2/2/2018,24.3,57,0.16
2/24/2018,57,78.1,0
2/26/2018,39.9,63,0.09
3/31/2018,39.9,64,0
4/17/2018,33.1,62.1,0
4/18/2018,42.1,82,0
5/27/2018,69.1,87.1,0
5/28/2018,69.1,75.9,0.28
6/15/2018,69.1,86,0
6/16/2018,64.9,90,0
6/19/2018,73,96.1,0
7/10/2018,59,91,0
7/23/2018,70,88,0.02
8/15/2018,68,90,0
8/23/2018,60.1,80.1,0
8/30/2018,73,95,0
7/10/2010,73.9,91,0
7/26/2010,77,93.9,0
8/11/2010,78.1,98.1,0.41
8/25/2010,66.9,80.1,0.05
9/7/2010,66,93.9,0
9/26/2010,68,84,2.25
9/27/2010,69.1,75.9,0.7
10/1/2010,55,78.1,0.01
10/6/2010,44.1,70,0
10/8/2010,48,79,0
10/9/2010,48,84,0
11/18/2010,34,62.1,0
11/23/2010,54,77,0
11/26/2010,50,66,0.07
12/8/2010,16,37.9,0
12/13/2010,25,36,0
12/21/2010,28,42.1,0
12/23/2010,32,45,0
12/25/2010,32,44.1,0.15
12/29/2010,24.1,46.9,0
1/14/2011,19,41,0
1/20/2011,28,51.1,0
2/9/2011,24.1,48,0
2/15/2011,32,57,0
2/20/2011,30.9,62.1,0
2/21/2011,44.1,75.9,0
2/24/2011,37,59,0.02
2/27/2011,44.1,81,0
3/8/2011,28,57.9,0
3/17/2011,37,70,0
3/31/2011,39.9,48,0.03
4/5/2011,46.9,71.1,0.5
4/25/2011,66,84,0
5/2/2011,55.9,82.9,0
5/6/2011,44.1,72,0.3
5/11/2011,57,79,0
5/19/2011,53.1,78.1,0
5/25/2011,64.9,93,0
5/27/2011,64.9,82,1.64
5/28/2011,64.9,86,0
6/18/2011,68,95,0.24
7/9/2011,73,89.1,0.09
7/12/2011,78.1,100,0
7/13/2011,75.9,97,0
7/29/2011,75,104,0
7/30/2011,75,100,2.1
8/7/2011,75,96.1,0
8/9/2011,73,93.9,0
8/21/2011,71.1,91.9,1
9/5/2011,72,86,0.12
9/27/2011,73,87.1,0
10/12/2011,63,78.1,0.09
10/14/2011,53.1,73.9,0
10/17/2011,55,84.9,0
10/25/2011,45,71.1,0
11/9/2011,39,71.1,0
1/15/2012,30,44.1,0
3/17/2012,57.9,79,0.1
4/1/2012,48.9,69.1,0
4/3/2012,42.1,77,0
4/5/2012,46.9,63,0.17
4/15/2012,57.9,81,0
4/26/2012,55.9,77,0.38
5/3/2012,64,91,0
5/5/2012,64,84,1.58
5/25/2012,62.1,88,0
6/5/2012,57,75.9,0
6/13/2012,63,84,0.28
6/15/2012,59,80.1,0
6/19/2012,66.9,91.9,0
6/22/2012,71.1,95,0.1
3/20/2015,39.9,51.1,0.31
3/21/2015,39.9,64.9,0
3/28/2015,32,46,0
3/30/2015,41,66,0.16
4/4/2015,43,73,0
4/9/2015,57,78.1,0.53
4/12/2015,46.9,73,0
4/16/2015,48,66,0.05
4/24/2015,37.9,66.9,0
4/25/2015,45,57,0.34
4/30/2015,51.1,73,0.99
5/1/2015,51.1,61,0.58
5/5/2015,55.9,82,0
5/13/2015,57.9,80.1,0
5/14/2015,55.9,72,0
5/18/2015,69.1,91,0
5/19/2015,69.1,90,1.38
5/25/2015,57,84,0
6/4/2015,61,68,0.02
6/6/2015,59,88,0
6/7/2015,62.1,86,0
6/14/2015,71.1,96.1,0
6/17/2015,73.9,96.1,0.51
6/23/2015,75.9,98.1,0
7/2/2015,72,87.1,0.24
7/4/2015,69.1,87.1,0.06
7/11/2015,72,91,0
7/12/2015,66,86,0
7/15/2015,73.9,88,0
7/17/2015,68,90,0
7/30/2015,73,93.9,0
8/5/2015,73,97,0
8/12/2015,64.9,87.1,0
8/16/2015,69.1,91.9,0
8/17/2015,69.1,95,0
8/25/2015,72,89.1,0
9/5/2015,69.1,86,0
9/10/2015,71.1,89.1,0.21
9/11/2015,70,84,0
9/16/2015,52,81,0
9/18/2015,55.9,84,0
9/22/2015,66,79,0
9/29/2015,73.9,82,0.9
9/30/2015,66,82.9,0.06
10/2/2015,55,60.1,2.07
10/7/2015,52,81,0
10/13/2015,60.1,79,0
10/30/2015,45,68,0
10/31/2015,39.9,66,0
11/8/2015,50,59,0
11/27/2015,43,71.1,0
11/28/2015,45,71.1,0
12/2/2015,52,64,0.04
12/17/2015,51.1,59,0.89
12/19/2015,26.2,48,0
12/21/2015,36,57,0
12/22/2015,51.1,64.9,0.66
12/28/2015,51.1,68,0.15
1/5/2016,23.2,34,0
1/6/2016,21.2,45,0
1/11/2016,27.1,45,0
1/15/2016,35.1,51.1,0.37
1/22/2016,25.2,32,0.95
1/23/2016,24.3,32,0.01
1/29/2016,31.1,54,0
1/31/2016,37.9,70,0
2/4/2016,42.1,63,0.27
2/9/2016,29.1,44.1,0
2/12/2016,25.2,32,0
2/18/2016,32,51.1,0
2/22/2016,45,57,0.87
2/26/2016,31.1,50,0
3/4/2016,35.1,52,0.08
3/5/2016,34,55,0
3/14/2016,57.9,80.1,1.87
3/15/2016,55,78.1,0
3/18/2016,48,72,0
3/21/2016,37,57,0
3/23/2016,48,77,0
3/27/2016,54,59,0.73
4/9/2016,37.9,52,0
4/10/2016,29.1,60.1,0
4/22/2016,62.1,72,1.02
5/2/2016,66,87.1,0.09
5/11/2016,63,82.9,0
5/13/2016,59,78.1,0
5/18/2016,57,64,0.1
5/20/2016,55.9,71.1,0
5/22/2016,53.1,70,0.22
6/1/2016,66.9,86,0
6/3/2016,70,91,0.07
6/10/2016,59,84.9,0
6/12/2016,70,93,0
6/16/2016,73,91.9,0
6/17/2016,66.9,82.9,0.1
6/18/2016,59,82,0
6/22/2016,72,91.9,0.12
7/1/2016,72,89.1,0
7/4/2016,69.1,84.9,0.02
7/11/2016,73,90,0
7/15/2016,71.1,95,1.58
7/24/2016,73.9,95,0
8/7/2016,73.9,86,0.39
8/13/2016,77,93.9,0
8/20/2016,73.9,91,0
8/31/2016,71.1,95,0
9/5/2016,57.9,84,0
9/8/2016,68,96.1,0
9/9/2016,71.1,93.9,0
9/11/2016,72,91,0
9/14/2016,66,91,0
9/26/2016,64.9,75.9,0.02
10/6/2016,59,72,0.02
10/8/2016,63,70,6.45
10/11/2016,43,68,0
10/19/2016,62.1,88,0
10/22/2016,42.1,64,0
10/28/2016,54,73.9,0
11/1/2016,52,64,0
11/18/2016,39,75.9,0
11/25/2016,52,73.9,0
11/27/2016,27.1,55.9,0
12/1/2016,46,68,0
12/2/2016,33.1,57.9,0
12/16/2016,19.2,32,0.01
12/24/2016,43,59,0.02
1/3/2017,46.9,55.9,0.31
1/4/2017,41,64,0
1/24/2017,41,63,0
2/2/2017,37,61,0
2/8/2017,54,73.9,0.09
2/11/2017,41,73,0
2/18/2017,37,73,0
2/22/2017,51.1,70,0
3/2/2017,39,62.1,0
3/5/2017,30.2,53.1,0
3/12/2017,30.2,48,0.03
3/15/2017,24.3,39.9,0
3/16/2017,24.3,50,0
3/24/2017,37,71.1,0
3/28/2017,60.1,80.1,0.06
3/29/2017,55,73,0
4/2/2017,48.9,69.1,0
4/3/2017,50,75.9,0.4
4/8/2017,34,66.9,0
4/13/2017,54,80.1,0
4/14/2017,53.1,81,0
4/15/2017,61,84.9,0
4/19/2017,55,69.1,0
5/5/2017,55.9,78.1,1.48
5/7/2017,45,69.1,0
5/9/2017,43,64,0.01
5/17/2017,66,89.1,0
5/25/2017,60.1,75.9,0.82
5/26/2017,59,81,0
6/5/2017,66.9,84.9,1.54
6/10/2017,61,89.1,0
6/15/2017,70,91,0
6/21/2017,66,84.9,0.2
6/23/2017,73,91,0.04
7/16/2017,73,91,0.05
7/29/2017,70,82,0.01
7/30/2017,63,84.9,0
8/10/2017,63,88,0
8/15/2017,75.9,91,0.07
8/23/2017,73.9,95,0.21
9/2/2017,61,82.9,0
9/4/2017,59,87.1,0
9/16/2017,62.1,84.9,0
9/17/2017,63,84.9,0
9/24/2017,63,87.1,0
9/26/2017,69.1,84.9,0
9/29/2017,60.1,72,0
9/30/2017,54,77,0
10/2/2017,46.9,75.9,0
10/3/2017,50,77,0
10/7/2017,59,86,0.15
10/12/2017,64.9,77,0
10/13/2017,63,71.1,0
10/20/2017,43,77,0
11/1/2017,46,73,0
11/4/2017,55.9,64,0
11/9/2017,45,50,0.27
11/21/2017,30.2,64,0
11/23/2017,29.1,50,0
11/24/2017,26.2,57,0
11/26/2017,33.1,62.1,0
11/28/2017,29.1,64.9,0
11/30/2017,35.1,69.1,0
12/4/2017,33.1,61,0
12/6/2017,41,57,0.24
5/17/2008,46.9,75,0
5/21/2008,52,75,0
5/24/2008,54,75,0
5/26/2008,55,84,0
5/27/2008,63,87.1,0
5/31/2008,68,89.1,0
6/3/2008,66,88,0
6/9/2008,73.9,100,0
6/12/2008,73.9,89.1,0
6/15/2008,69.1,91,0.41
6/24/2008,63,91,0
6/26/2008,72,97,0
6/28/2008,70,98.1,0
6/30/2008,69.1,89.1,0.48
7/1/2008,62.1,81,0
7/3/2008,66.9,91.9,0
7/6/2008,70,87.1,0.85
7/10/2008,71.1,89.1,0
7/14/2008,69.1,79,0.53
7/18/2008,64.9,91,0.6
7/20/2008,71.1,93,0
7/21/2008,72,97,0
7/22/2008,72,97,0.49
7/24/2008,64.9,87.1,0
7/26/2008,66,87.1,0
8/3/2008,70,91.9,0
8/4/2008,66,93.9,0
8/8/2008,70,91,0
8/18/2008,64,89.1,0
8/19/2008,66.9,95,0
8/27/2008,71.1,84,3.43
8/28/2008,72,89.1,0.21
8/31/2008,69.1,90,0.32
9/3/2008,61,90,0
9/5/2008,64,82,0.47
9/6/2008,71.1,88,4.72
9/9/2008,70,87.1,0
9/12/2008,70,86,0
9/18/2008,55.9,81,0
9/25/2008,59,64,0.33
9/27/2008,64.9,80.1,0.18
10/9/2008,64,75.9,0.29
10/19/2008,39,61,0
10/22/2008,35.1,60.1,0
10/24/2008,48,63,0.03
10/25/2008,57.9,77,0.02
10/27/2008,35.1,60.1,0
10/28/2008,34,55,0
10/31/2008,30.9,66.9,0
11/3/2008,55,57.9,0.13
11/4/2008,55.9,59,0.92
11/12/2008,39,61,0
11/13/2008,51.1,66,0.09
11/17/2008,32,55,0
11/27/2008,28.9,63,0
12/1/2008,36,52,0
12/7/2008,25,43,0
12/27/2008,43,59,0.01
12/29/2008,39,60.1,0.02
1/2/2009,27,42.1,0.05
1/3/2009,32,57.9,0
1/7/2009,41,68,0.16
1/8/2009,36,53.1,0
1/10/2009,33.1,64,0
1/13/2009,32,43,0
1/23/2009,30.9,60.1,0
1/28/2009,42.1,66.9,0.42
1/30/2009,28,50,0
2/1/2009,32,62.1,0
2/2/2009,37,64,0.11
2/4/2009,25,37.9,0
2/8/2009,44.1,75,0
2/12/2009,51.1,69.1,0
2/14/2009,45,63,0
2/18/2009,39.9,57,0.59
2/26/2009,37,64.9,0
3/3/2009,18,36,0
3/18/2009,43,68,0
3/21/2009,30.9,57,0
3/30/2009,44.1,66.9,0
4/2/2009,57.9,64.9,0.33
4/17/2009,36,73.9,0
4/18/2009,45,82.9,0
4/21/2009,50,75,0
4/26/2009,61,91,0
4/27/2009,61,89.1,0
4/28/2009,55,84.9,0
4/30/2009,55,75.9,0
5/6/2009,61,82.9,0.17
5/13/2009,55,75,0
5/16/2009,70,87.1,0.01
5/22/2009,57.9,87.1,0
5/24/2009,66.9,84,0.54
6/3/2009,70,91.9,0
6/8/2009,66,91,0
6/13/2009,70,91.9,0
6/14/2009,70,86,0
6/26/2009,69.1,97,0
7/8/2009,64.9,91,0
7/14/2009,64.9,88,0
7/15/2009,63,91.9,0
7/20/2009,66.9,79,0.19
7/31/2009,73,93,0.03
8/4/2009,66.9,95,0
8/8/2009,69.1,91,0
8/13/2009,71.1,81,0
8/16/2009,69.1,90,0.08
8/19/2009,73,98.1,0
8/20/2009,73,91.9,0
8/21/2009,75.9,93.9,0
8/28/2009,71.1,90,0.37
8/31/2009,64.9,72,0.14
9/11/2009,55.9,82.9,0
9/17/2009,64.9,71.1,0.37
7/31/2012,71.1,88,0
8/3/2012,70,93,0
8/9/2012,66,89.1,0
9/10/2012,55,78.1,0
9/16/2012,59,64.9,0.69
9/28/2012,62.1,84.9,0.06
9/30/2012,57.9,73,0
10/9/2012,48,57,0
10/11/2012,46,68,0
12/19/2012,33.1,64.9,0
12/23/2012,25,55,0
12/30/2012,28,46,0
1/6/2013,35.1,50,0
5/8/2013,52,72,0.18
5/15/2013,55,86,0
5/20/2013,66.9,75,1.47
5/31/2013,66,87.1,0
6/1/2013,66.9,89.1,0
6/7/2013,68,75.9,5.14
6/8/2013,66,84,0.04
6/10/2013,70,84.9,0.66
7/2/2013,72,77,0.3
7/4/2013,73,88,0
7/14/2013,70,88,0
11/7/2013,46,70,0.03
11/8/2013,33.1,57.9,0
11/15/2013,30.2,60.1,0
12/2/2013,36,60.1,0
12/11/2013,24.3,48.9,0
12/14/2013,37.9,46.9,0.85
1/22/2014,18.1,30.2,0
2/5/2014,37.9,53.1,0.06
2/23/2014,34,66.9,0
3/15/2014,46,72,0
3/24/2014,30.2,50,0
3/26/2014,29.1,46.9,0
3/28/2014,44.1,69.1,0.31
4/13/2014,59,81,0
4/23/2014,50,71.1,0
5/18/2014,46,68,0
5/31/2014,63,82,0
8/16/2014,68,89.1,0
8/23/2014,72,84,0.01
9/3/2014,71.1,93,0
9/12/2014,70,80.1,0.01
9/15/2014,63,75,0
9/17/2014,66,79,0
9/22/2014,61,75.9,0
9/23/2014,55,64,0.15
9/26/2014,59,75.9,0
9/30/2014,59,75,0
10/2/2014,59,84,0
10/11/2014,57.9,86,0.22
10/12/2014,57,62.1,0.02
10/23/2014,42.1,70,0
10/27/2014,39.9,75.9,0
11/1/2014,45,51.1,0.61
11/19/2014,19.2,43,0
12/1/2014,44.1,73.9,0
12/6/2014,46,55.9,0.16
12/12/2014,26.2,57,0
12/22/2014,36,41,0.4
1/21/2015,36,54,0
1/26/2015,37.9,50,0.24
1/31/2015,22.1,48,0
12/25/2017,30.2,46.9,0
12/26/2017,27.1,43,0
12/27/2017,27.1,45,0
12/30/2017,27.1,52,0
1/5/2018,12.2,31.1,0
1/6/2018,12.2,27.1,0
1/9/2018,29.1,63,0
1/14/2018,21.2,33.1,0
1/16/2018,20.1,46.9,0
1/25/2018,26.2,48.9,0
1/28/2018,52,60.1,1.3
1/31/2018,19.2,46.9,0
2/9/2018,28.2,57.9,0
2/15/2018,54,75,0
2/21/2018,63,77,0
2/23/2018,52,70,0
3/14/2018,31.1,44.1,0
3/24/2018,27.1,50,0.91
4/7/2018,33.1,62.1,0.99
4/9/2018,39.9,57,0
4/10/2018,39,62.1,0
4/22/2018,42.1,70,0
4/29/2018,44.1,66,0
4/30/2018,36,72,0
5/13/2018,66,93,0
5/17/2018,69.1,77,0.69
5/22/2018,66.9,84.9,0.05
5/26/2018,68,87.1,0.33
5/30/2018,73,84.9,0.49
5/31/2018,71.1,88,0
6/6/2018,61,84.9,0.23
6/11/2018,64,84.9,0.31
6/12/2018,63,70,0.01
6/21/2018,72,91.9,0.12
6/22/2018,71.1,95,0
6/24/2018,73,96.1,0.07
6/26/2018,66,73.9,0.74
6/28/2018,68,90,0
6/29/2018,70,91.9,0
7/6/2018,71.1,93,0.34
7/7/2018,66.9,79,0.65
7/14/2018,64.9,89.1,0
7/15/2018,68,95,0
7/16/2018,73.9,95,0
7/17/2018,72,98.1,0.1
7/18/2018,72,89.1,0
7/20/2018,69.1,86,0
7/24/2018,71.1,86,0
7/30/2018,72,86,0.72
8/10/2018,69.1,91,0
8/18/2018,73,88,0.49
8/26/2018,60.1,88,0
9/2/2018,69.1,90,0
9/6/2018,71.1,91.9,0
9/11/2018,68,88,0
9/20/2018,66.9,87.1,0
9/23/2018,64,75.9,0
9/27/2018,70,79,0.21
9/29/2018,60.1,82,0
10/4/2018,66,89.1,0
6/23/2012,70,89.1,0
6/24/2012,68,91.9,0
6/28/2012,60.1,97,0
7/3/2012,72,100.9,0
7/4/2012,73,100.9,0.24
7/10/2012,73,86,0.01
7/15/2012,73.9,93.9,0
7/17/2012,71.1,98.1,0
7/23/2012,72,96.1,0.11
8/11/2012,72,88,0.4
8/20/2012,66.9,81,0.15
8/29/2012,70,86,0
9/6/2012,72,90,0.55
9/9/2012,60.1,79,0.02
10/22/2012,42.1,73.9,0
10/23/2012,46,80.1,0
10/29/2012,42.1,51.1,0.55
10/31/2012,37,55.9,0
11/7/2012,35.1,54,0
11/8/2012,34,61,0
11/20/2012,42.1,59,0
11/23/2012,28.9,66.9,0
11/25/2012,23,51.1,0
12/8/2012,50,66,0.01
12/13/2012,33.1,51.1,0.13
2/8/2013,39,55,0.59
2/9/2013,28,52,0
2/14/2013,30.9,52,0
2/15/2013,28.9,61,0
2/17/2013,24.1,37,0
2/18/2013,18,52,0
2/24/2013,39.9,62.1,0.08
2/27/2013,43,59,0
2/28/2013,33.1,50,0
3/3/2013,27,46,0
3/4/2013,26.1,50,0
3/7/2013,30,51.1,0
3/11/2013,39,70,0
3/16/2013,46,78.1,0
4/6/2013,39,64,0
4/11/2013,62.1,81,0
4/14/2013,44.1,79,0
4/19/2013,64,84,0.57
4/26/2013,46,71.1,0
4/27/2013,53.1,72,0
4/28/2013,55,62.1,0.97
5/3/2013,48,69.1,0
5/7/2013,50,71.1,0
5/23/2013,64.9,82,0.18
5/24/2013,52,70,0
5/27/2013,48.9,80.1,0
5/30/2013,64,86,0
6/12/2013,64,90,0
6/24/2013,71.1,89.1,0
6/28/2013,69.1,91.9,1.66
7/1/2013,69.1,82.9,0.72
7/26/2013,62.1,86,0
8/11/2013,71.1,91.9,0
8/14/2013,61,75,0
8/24/2013,64.9,82.9,0
9/1/2013,71.1,91,1.16
9/5/2013,64.9,87.1,0
9/8/2013,63,88,0
9/14/2013,57.9,75.9,0
9/15/2013,53.1,80.1,0
9/16/2013,66,86,0.06
9/18/2013,51.1,73.9,0
9/19/2013,54,78.1,0
9/22/2013,57,77,0.43
9/26/2013,57,77,0
9/28/2013,50,73,0
10/4/2013,62.1,86,0
10/5/2013,61,89.1,0
10/11/2013,59,66,0.02
10/16/2013,61,70,0
10/18/2013,55.9,69.1,0
10/22/2013,51.1,64,0
10/23/2013,46,66.9,0
10/25/2013,33.1,55.9,0
1/3/2014,22.1,43,0
1/4/2014,19.2,37.9,0
1/21/2014,26.2,51.1,0.1
1/31/2014,15.3,53.1,0
2/1/2014,24.3,59,0
2/17/2014,28.2,45,0
3/5/2014,30.2,44.1,0
3/7/2014,33.1,36,1.72
4/3/2014,50,78.1,0
4/11/2014,52,78.1,0
4/17/2014,31.1,64,0
5/16/2014,55,73,0.18
5/20/2014,50,79,0
6/15/2014,57.9,87.1,0
7/6/2014,61,90,0
7/9/2014,73.9,96.1,0.02
7/13/2014,71.1,93.9,0
7/17/2014,60.1,84,0
7/29/2014,63,82,0
8/14/2014,57.9,82.9,0
8/22/2014,71.1,91.9,0
8/29/2014,72,82,0.07
9/4/2014,71.1,90,1.18
11/5/2014,46.9,71.1,0
11/7/2014,37.9,60.1,0
11/8/2014,31.1,60.1,0
11/10/2014,35.1,66,0
11/14/2014,29.1,44.1,0
11/16/2014,27.1,48.9,0.04
11/28/2014,26.2,45,0
12/4/2014,39.9,54,0
12/8/2014,34,45,0.13
12/14/2014,29.1,57.9,0
1/14/2015,28.2,33.1,0.01
2/3/2015,22.1,45,0
2/8/2015,39,72,0
2/11/2015,30.2,51.1,0
2/13/2015,23.2,35.1,0
2/14/2015,22.1,53.1,0
2/19/2015,12.2,23.2,0
2/22/2015,34,57,0.08
2/23/2015,30.2,46.9,0.03
3/5/2015,32,66,0.97
3/16/2015,41,80.1,0
9/27/2009,61,81,0.1
10/1/2009,51.1,73,0
10/5/2009,57,66.9,0.09
10/6/2009,60.1,66,0.02
10/8/2009,45,73.9,0
10/24/2009,57.9,81,0.27
10/27/2009,54,62.1,0.12
10/30/2009,54,61,0.01
10/31/2009,59,80.1,0.06
11/9/2009,42.1,75.9,0
11/11/2009,48,57,2.97
11/23/2009,48.9,52,0.58
11/30/2009,42.1,62.1,0.18
12/14/2009,37.9,50,0
12/15/2009,48,59,0
12/22/2009,24.1,48.9,0
12/24/2009,27,48,0
1/4/2010,17.1,36,0
1/9/2010,19.9,37,0
1/22/2010,37,39.9,0.01
1/27/2010,25,51.1,0
2/1/2010,18,48,0
2/4/2010,30,44.1,0
2/5/2010,33.1,42.1,1.37
2/9/2010,32,39.9,0.35
2/10/2010,28,37.9,0
2/11/2010,30,45,0
2/13/2010,28,42.1,0.05
2/17/2010,25,43,0
2/21/2010,25,64.9,0
2/26/2010,28.9,50,0
3/1/2010,28.9,54,0
3/11/2010,52,69.1,0.32
3/13/2010,48.9,68,0.42
3/19/2010,37,73.9,0
3/29/2010,52,66.9,1.52
3/31/2010,41,77,0
4/15/2010,37.9,75,0
4/20/2010,42.1,73.9,0
4/26/2010,59,78.1,0
4/29/2010,37.9,75,0
5/8/2010,62.1,90,0
5/15/2010,68,95,0
5/19/2010,57,70,0.36
5/24/2010,64,73,0.04
5/27/2010,60.1,91,0
5/31/2010,69.1,88,0
6/7/2010,64,82,0
6/9/2010,68,88,0
6/12/2010,68,93.9,0
6/19/2010,73,93,0
6/20/2010,72,93.9,0
6/28/2010,73,99,0
7/3/2010,57,87.1,0
7/5/2010,64,97,0
7/22/2010,75,97,0
7/25/2010,80.1,102,0
8/1/2010,66,79,0.1
8/4/2010,73.9,95,0.39
8/7/2010,72,89.1,0
8/19/2010,75,84,0.6
8/20/2010,71.1,90,0
8/24/2010,70,82.9,0.47
8/26/2010,66,90,0
9/5/2010,54,87.1,0
9/11/2010,66,79,0.1
9/17/2010,73,95,0
9/18/2010,64.9,87.1,0
9/25/2010,68,98.1,0
10/3/2010,50,72,0
10/15/2010,43,71.1,0
10/16/2010,42.1,70,0
10/18/2010,48.9,82,0
10/27/2010,73,87.1,0.29
11/5/2010,39.9,61,0
11/12/2010,36,66,0
11/21/2010,37.9,69.1,0
12/1/2010,30.9,70,0.29
12/16/2010,28,35.1,0.6
1/1/2011,39,63,0.28
1/6/2011,32,48,0.15
1/19/2011,42.1,61,0
2/7/2011,30,57.9,0
2/19/2011,48,68,0
2/25/2011,41,73.9,0.05
2/26/2011,33.1,61,0
2/28/2011,57,81,0.62
3/2/2011,30,66,0
3/4/2011,27,61,0
3/5/2011,43,69.1,0
3/6/2011,39,64.9,0.67
3/11/2011,36,51.1,0
3/14/2011,43,57.9,0
3/24/2011,50,68,0.04
3/27/2011,35.1,39.9,0.07
4/3/2011,33.1,71.1,0
4/4/2011,55.9,84.9,0
4/6/2011,34,68,0
4/28/2011,61,78.1,0.01
5/8/2011,53.1,71.1,0.12
5/12/2011,60.1,66,0.02
5/13/2011,62.1,79,0.73
5/16/2011,55.9,78.1,0
5/18/2011,55,75,0
5/24/2011,70,93,0
5/26/2011,73,93,0
5/30/2011,70,93.9,0
5/31/2011,70,95,0
6/11/2011,70,93.9,0.3
6/20/2011,69.1,93,0
7/10/2011,69.1,91.9,0
7/15/2011,60.1,86,0
7/21/2011,77,102,0
7/24/2011,79,100.9,0
7/28/2011,75,102,0
8/5/2011,75.9,89.1,0
8/19/2011,69.1,91,0
8/20/2011,69.1,89.1,0
8/26/2011,73.9,89.1,0
8/30/2011,66,82,0
9/2/2011,66.9,86,0.04
9/4/2011,69.1,88,0
9/7/2011,69.1,82.9,0
9/8/2011,63,84,0
9/9/2011,63,84.9,0
9/13/2011,63,88,0
9/15/2011,57.9,89.1,1.31
10/2/2011,45,62.1,0
10/4/2011,44.1,72,0
10/5/2011,48.9,77,0
10/7/2011,45,73.9,0
10/21/2011,41,66,0
11/7/2011,37.9,71.1,0
11/12/2011,32,64.9,0
11/18/2011,27,51.1,0
11/25/2011,35.1,70,0
11/28/2011,60.1,71.1,0.02
12/7/2011,44.1,70,0.54
12/9/2011,32,55,0
12/13/2011,30.9,63,0
12/24/2011,36,52,0
1/18/2012,36,57,0.11
1/30/2012,28,60.1,0
2/3/2012,34,57.9,0
2/12/2012,21,42.1,0
2/16/2012,42.1,57.9,0.25
3/3/2012,51.1,64.9,0.73
3/5/2012,32,52,0
3/23/2012,60.1,82.9,0.03
3/24/2012,55.9,71.1,0.66
3/28/2012,44.1,78.1,0
3/30/2012,48.9,77,0
4/2/2012,48.9,73,0
4/10/2012,46,73.9,0
4/16/2012,60.1,84,0
4/18/2012,55,69.1,0.31
4/20/2012,51.1,73,0
4/24/2012,36,64,0
5/12/2012,46.9,77,0
5/16/2012,66,82.9,0.01
5/17/2012,61,81,0
5/22/2012,62.1,86,0
6/1/2012,64.9,88,1.19
6/17/2012,54,81,0
6/18/2012,63,86,0
3/22/2015,46.9,66,0
3/24/2015,36,66.9,0
3/25/2015,46.9,66.9,0
4/7/2015,61,72,0.11
4/11/2015,52,75,0
4/15/2015,52,61,0.31
4/17/2015,55.9,78.1,0
4/18/2015,61,80.1,0.01
4/21/2015,52,70,0.63
4/27/2015,39,68,0
4/29/2015,43,70,0
5/4/2015,53.1,82,0
5/6/2015,54,82.9,0
5/10/2015,68,78.1,0.22
5/16/2015,60.1,84.9,0
5/17/2015,63,88,0
5/22/2015,52,75,0
5/28/2015,68,87.1,0.15
5/30/2015,66,88,0
6/18/2015,71.1,98.1,2.1
6/24/2015,73.9,95,0
6/25/2015,71.1,91.9,0.31
6/30/2015,66.9,91.9,0.02
7/1/2015,66.9,87.1,0
7/8/2015,72,91,0
7/22/2015,71.1,88,0
7/28/2015,73,90,0
8/4/2015,73,95,0
8/11/2015,69.1,87.1,0.29
8/13/2015,63,88,0
8/15/2015,66,91,0
8/18/2015,73.9,84.9,0
9/2/2015,68,93.9,0.1
9/25/2015,64,70,1.42
9/28/2015,70,80.1,0.28
10/4/2015,57.9,69.1,0.13
10/10/2015,55.9,66.9,0.18
10/15/2015,46.9,73,0
10/16/2015,46.9,68,0.01
10/22/2015,41,79,0
10/23/2015,48.9,79,0
11/1/2015,55,63,0.15
11/2/2015,59,66,1.52
11/4/2015,59,70,0
11/14/2015,34,60.1,0
11/24/2015,27.1,57,0
11/25/2015,30.2,59,0
11/26/2015,39,70,0
12/1/2015,43,53.1,0.04
12/8/2015,36,61,0
12/11/2015,50,71.1,0
12/15/2015,48,72,0
12/16/2015,43,64.9,0
12/20/2015,27.1,54,0
12/23/2015,61,73,1.68
12/30/2015,63,66.9,1.79
1/7/2016,37,44.1,0
1/12/2016,28.2,54,0
1/19/2016,18.1,32,0
1/20/2016,18.1,39,0
1/21/2016,26.2,44.1,0
1/25/2016,24.3,52,0
2/8/2016,28.2,55.9,0.09
2/14/2016,15.3,32,0
2/19/2016,26.2,53.1,0
2/20/2016,43,66,0
2/24/2016,45,73,0.46
3/1/2016,37.9,73.9,0
3/7/2016,35.1,68,0
3/12/2016,59,78.1,0
3/13/2016,60.1,77,0.89
3/17/2016,46,77,0
4/1/2016,66.9,78.1,0.01
4/2/2016,55.9,71.1,0.25
4/4/2016,46,75.9,0
4/5/2016,37,62.1,0
4/6/2016,29.1,63,0
4/11/2016,46.9,75.9,0
4/21/2016,53.1,81,0
4/26/2016,59,84,0
4/30/2016,57.9,64.9,0
5/4/2016,55,73.9,0
5/6/2016,50,66.9,0.68
5/17/2016,57,69.1,0.27
5/19/2016,57,62.1,0.07
5/21/2016,62.1,77,0.3
5/28/2016,59,87.1,0
5/30/2016,66,84,0.5
6/15/2016,70,91,0.45
6/23/2016,66.9,91,1.62
6/27/2016,64.9,90,0
6/29/2016,69.1,89.1,0.91
7/2/2016,71.1,88,1.66
7/3/2016,70,78.1,1.48
7/9/2016,68,91,0
7/19/2016,73.9,93,0
7/26/2016,75,97,0.13
8/1/2016,73,91,0.04
8/14/2016,77,96.1,0
8/15/2016,75,96.1,0
8/18/2016,73.9,93,0
8/25/2016,64.9,91.9,0
8/26/2016,72,99,0
9/1/2016,71.1,93.9,0.01
9/2/2016,64,75,1.13
9/7/2016,66.9,93.9,0
9/12/2016,69.1,88,0
9/13/2016,64,91,0
9/16/2016,68,82.9,0
9/21/2016,70,75,0.49
9/22/2016,71.1,82.9,0.23
9/27/2016,66.9,80.1,0
9/30/2016,71.1,82.9,0.14
10/2/2016,62.1,79,0
10/3/2016,62.1,79,0
10/4/2016,62.1,75.9,0
10/5/2016,60.1,72,0
10/14/2016,53.1,70,0
11/10/2016,37,64.9,0
11/11/2016,36,70,0
11/13/2016,24.3,64,0.06
11/24/2016,46.9,72,0.06
11/28/2016,31.1,59,0
11/30/2016,64.9,77,0.07
12/9/2016,27.1,41,0
12/21/2016,27.1,59,0
12/29/2016,39,63,0.35
1/2/2017,46.9,51.1,1.08
1/5/2017,29.1,44.1,0
1/14/2017,42.1,55,0
1/15/2017,39.9,57,0.02
1/22/2017,53.1,55.9,0.09
1/26/2017,43,70,0.06
1/31/2017,31.1,68,0
2/4/2017,26.2,45,0
2/9/2017,32,60.1,0.11
2/14/2017,30.2,64,0
2/17/2017,34,66,0
2/21/2017,44.1,66,0
3/3/2017,31.1,54,0
3/6/2017,34,64.9,0
3/14/2017,30.2,54,0.25
3/17/2017,23.2,57.9,0.03
3/18/2017,44.1,64,0.5
3/19/2017,36,57,0
3/20/2017,30.2,66,0
3/23/2017,31.1,55.9,0
3/30/2017,55,66.9,0
4/9/2017,37.9,77,0
4/11/2017,55,82,0
4/17/2017,62.1,86,0.05
4/25/2017,57.9,70,2.17
4/26/2017,55.9,81,0
5/1/2017,68,84.9,0.29
5/6/2017,53.1,66.9,0.02
5/11/2017,61,84,0.48
5/13/2017,52,66,0.23
5/18/2017,66,86,0
5/19/2017,68,89.1,0
5/20/2017,66.9,90,0
5/28/2017,66.9,86,0.08
5/29/2017,64,87.1,0.08
5/30/2017,68,82,0.06
6/1/2017,62.1,84.9,0
6/3/2017,57,88,0
6/4/2017,61,90,0.38
6/7/2017,59,77,0
6/11/2017,66.9,90,0
6/12/2017,66.9,89.1,0
6/16/2017,70,89.1,2.3
6/25/2017,66.9,84,0
7/5/2017,70,89.1,0.47
7/8/2017,71.1,95,0.05
7/12/2017,75,93.9,0
7/13/2017,78.1,97,0
7/15/2017,75,93.9,0
7/18/2017,71.1,89.1,0
7/19/2017,66.9,93.9,0
7/21/2017,73.9,98.1,0
7/25/2017,73.9,91,0
7/26/2017,72,90,0
7/27/2017,72,93.9,0.02
7/31/2017,57.9,87.1,0
8/2/2017,66,91,0
8/5/2017,68,91.9,0
8/6/2017,64.9,90,0
8/9/2017,66.9,84,0
8/20/2017,71.1,95,0
8/22/2017,73.9,96.1,0
8/25/2017,68,84.9,0
8/27/2017,63,81,0
8/28/2017,62.1,78.1,0.03
9/1/2017,64,78.1,1.06
9/6/2017,61,82,0.52
9/15/2017,63,84.9,0
9/28/2017,63,93.9,0
10/1/2017,48,71.1,0
10/11/2017,73,89.1,1.12
10/16/2017,51.1,69.1,0.25
10/18/2017,37,68,0
10/23/2017,61,75.9,1.12
10/24/2017,52,72,0
11/7/2017,44.1,63,0.1
11/13/2017,42.1,60.1,0.64
11/25/2017,29.1,66.9,0
12/8/2017,32,43,1.33
12/9/2017,32,34,0.3
4/27/2012,59,77,0
5/4/2012,62.1,90,0
5/9/2012,57.9,77,0.51
5/15/2012,64.9,82.9,0.15
5/18/2012,59,77,0
5/23/2012,64,84,0.03
5/27/2012,66,86,0.35
5/29/2012,72,89.1,0
5/31/2012,64,90,0.11
6/2/2012,55.9,75.9,0
1/1/2007,48.9,68,0.45
1/6/2007,50,71.1,0.13
1/9/2007,30,55,0
1/11/2007,24.1,51.1,0
1/14/2007,50,73.9,0
1/16/2007,39.9,63,0
2/1/2007,30,34,0.44
2/11/2007,19.9,50,0
2/17/2007,19,48,0
2/24/2007,28,57,0
2/25/2007,42.1,51.1,0.56
2/27/2007,34,64.9,0
3/7/2007,35.1,70,0
3/10/2007,37,71.1,0
3/14/2007,54,81,0
3/20/2007,48.9,77,0
3/24/2007,57,86,0
4/1/2007,59,77,0.01
4/2/2007,60.1,82.9,0.02
4/7/2007,32,48,0.12
4/8/2007,27,55.9,0
4/26/2007,64.9,84.9,0
5/10/2007,63,82.9,0
5/11/2007,61,87.1,0
5/17/2007,55.9,69.1,0.01
6/2/2007,66,82.9,0.13
7/6/2007,71.1,93.9,0
7/19/2007,71.1,93.9,0
8/11/2007,73,84.9,0
8/27/2007,71.1,90,0
8/28/2007,71.1,93.9,0
10/15/2007,48,80.1,0
10/16/2007,51.1,79,0
10/17/2007,54,84,0
10/20/2007,50,80.1,0
10/24/2007,70,78.1,1.72
12/6/2007,26.1,45,0
12/9/2007,48.9,72,0
12/14/2007,46,66.9,0
12/20/2007,28,57.9,0
12/26/2007,35.1,43,0.91
12/29/2007,55,71.1,0.13
12/30/2007,46.9,57.9,1.92
12/31/2007,36,57,0
1/4/2008,17.1,45,0
1/5/2008,25,55,0
1/20/2008,18,33.1,0
1/23/2008,37,54,0
1/30/2008,30.9,57,0.13
2/13/2008,34,55.9,0.92
3/3/2008,39,73.9,0
3/6/2008,37.9,66.9,0
3/10/2008,28,63,0
3/14/2008,51.1,73.9,0
3/15/2008,46.9,68,0.82
3/24/2008,36,51.1,0
3/28/2008,57,81,0
3/29/2008,41,68,0.06
4/13/2008,46,66.9,0
4/16/2008,32,68,0
4/21/2008,46,69.1,0.01
4/23/2008,55.9,75.9,0.04
4/30/2008,37.9,66.9,0
5/10/2008,55.9,80.1,0
5/11/2008,51.1,66.9,0.94
6/8/2007,73,96.1,0
6/11/2007,62.1,82.9,0.02
6/12/2007,62.1,84.9,0
7/5/2007,64.9,91.9,0
8/12/2007,66.9,91.9,0
8/18/2007,66.9,90,0
8/24/2007,73.9,99,0
8/30/2007,73,90,0
9/1/2007,69.1,87.1,0
9/4/2007,66,96.1,0
9/6/2007,69.1,95,0
9/7/2007,69.1,93,0
9/16/2007,53.1,75,0
9/17/2007,51.1,75.9,0
9/21/2007,66,81,0
9/30/2007,48,80.1,0
10/8/2007,64.9,93,0
10/12/2007,43,73.9,0
10/13/2007,43,75,0
11/1/2007,53.1,78.1,0
11/12/2007,37,66,0.04
11/17/2007,28,60.1,0
11/20/2007,45,66,0
11/26/2007,44.1,64,0.06
12/5/2007,36,53.1,0
3/12/2007,37.9,66.9,0
3/23/2007,53.1,82.9,0
3/26/2007,44.1,73.9,0
4/4/2007,55.9,82,0
4/10/2007,32,64,0
4/14/2007,48.9,70,0.01
5/4/2007,53.1,57,0.08
5/12/2007,66,82,0.96
5/24/2007,53.1,82,0
5/28/2007,61,91,0
7/24/2007,64,88,0
7/28/2007,69.1,90,0.57
7/31/2007,70,89.1,0
8/3/2007,71.1,93,0
8/6/2007,73.9,97,0
8/8/2007,75.9,102,0.17
8/16/2007,75.9,100.9,0
8/17/2007,73.9,97,0.01
8/19/2007,70,97,0
8/21/2007,73.9,105.1,0.06
8/23/2007,75,90,0.53
8/31/2007,68,91,0
9/2/2007,61,88,0
9/8/2007,64.9,93,0
9/10/2007,66.9,100.9,0
9/22/2007,69.1,91,0
9/25/2007,59,89.1,0
10/1/2007,53.1,82,0
10/3/2007,63,84.9,0
10/5/2007,68,78.1,0.13
10/7/2007,64,90,0
10/19/2007,70,84,0.09
10/21/2007,45,81,0
10/23/2007,64,82.9,0
10/26/2007,60.1,71.1,2.19
10/28/2007,44.1,64.9,0
11/27/2007,39,64,0
11/28/2007,32,57,0
12/3/2007,34,62.1,0.04
12/7/2007,25,52,0
12/18/2007,21,46,0
2/4/2008,41,71.1,0
2/15/2008,33.1,61,0
2/16/2008,41,57.9,0
2/17/2008,37,64.9,0
2/21/2008,30,43,0.01
2/23/2008,42.1,62.1,0.02
2/27/2008,28.9,48.9,0
3/5/2008,44.1,64,0
3/8/2008,35.1,66,0.2
3/19/2008,57,75,0.08
3/20/2008,41,66,0
5/3/2008,60.1,80.1,0
5/4/2008,60.1,82,0
5/6/2008,54,79,0
6/13/2008,68,93,0
6/19/2008,55.9,88,0
7/2/2008,55.9,88,0
7/4/2008,69.1,95,0.62
7/5/2008,69.1,87.1,0.86
10/6/2008,53.1,82,0
10/13/2008,52,79,0
11/14/2008,55,64,0.81
6/6/2009,63,75.9,0
6/7/2009,62.1,86,0
6/10/2009,64.9,84.9,0.07
11/16/2008,36,55.9,0
11/23/2008,26.1,55,0
12/2/2008,28,48.9,0
12/3/2008,25,54,0
12/6/2008,26.1,46.9,0.06
12/12/2008,36,57.9,0.09
12/15/2008,54,70,0
12/31/2008,28.9,57,0
1/1/2009,23,42.1,0
1/5/2009,53.1,60.1,0
1/9/2009,27,50,0
1/11/2009,39.9,57.9,0.06
1/16/2009,15.1,28,0
2/3/2009,32,46,0.15
2/20/2009,27,43,0
2/21/2009,21.9,54,0
2/23/2009,28,44.1,0
3/5/2009,28.9,61,0
3/10/2009,46.9,69.1,0
3/11/2009,61,82.9,0
3/12/2009,46.9,62.1,0
3/13/2009,39,46.9,0.53
3/15/2009,43,48.9,0.87
3/20/2009,41,60.1,0
3/28/2009,62.1,70,0.91
3/31/2009,39,69.1,0
4/1/2009,53.1,70,0.01
4/3/2009,55,78.1,0.06
4/4/2009,46.9,73.9,0
4/8/2009,32,61,0
4/11/2009,51.1,72,0
4/13/2009,45,63,0
4/16/2009,43,68,0
4/23/2009,41,80.1,0
4/29/2009,57.9,82.9,0
5/1/2009,66.9,82,0.07
5/2/2009,66,84,0
5/3/2009,64,86,0
5/17/2009,52,73,0.29
5/31/2009,64.9,88,0
6/4/2009,68,90,0.76
6/15/2009,68,84.9,0.04
6/16/2009,66,73,0.42
6/18/2009,71.1,91,0.03
6/21/2009,72,90,0
6/22/2009,68,88,0
6/23/2009,68,89.1,0.02
6/24/2009,68,91,0
7/2/2009,66.9,91.9,0.02
7/3/2009,64.9,87.1,0
7/4/2009,60.1,90,0
7/11/2009,66.9,91,0.03
7/13/2009,69.1,82,0.63
7/17/2009,73,97,0.27
7/24/2009,71.1,91.9,0.34
7/27/2009,73,93.9,0
8/6/2009,70,84.9,0.23
8/11/2009,73,99,0
8/14/2009,71.1,84.9,0
8/25/2009,68,88,0
8/26/2009,66.9,95,0
8/29/2009,71.1,91.9,0
8/30/2009,69.1,86,0.01
9/4/2009,57.9,87.1,0
9/15/2009,62.1,91,0
9/22/2009,64,81,1.45
9/23/2009,71.1,82.9,0.25
9/25/2009,62.1,77,0.02
5/4/2010,57.9,82,0
5/7/2010,61,90,0
5/13/2010,64,75.9,0
5/29/2010,64.9,84,0.02
6/6/2010,72,93,0.18
6/21/2010,69.1,93,0
7/11/2010,73,96.1,0
7/17/2010,72,88,0.18
8/9/2010,71.1,93,0
9/21/2010,66.9,89.1,0
10/2/2010,50,73.9,0
10/11/2010,57.9,87.1,0
10/13/2010,62.1,79,0
10/14/2010,55,71.1,1.11
10/17/2010,39.9,78.1,0
10/21/2010,48.9,78.1,0
10/25/2010,61,78.1,0.27
10/29/2010,44.1,62.1,0
11/9/2010,37,73,0
11/10/2010,39.9,70,0
11/13/2010,32,69.1,0
11/27/2010,34,54,0
12/3/2010,33.1,48.9,0
12/5/2010,28.9,41,0
12/6/2010,25,37.9,0
12/10/2010,24.1,48,0
11/22/2011,61,77,0
12/1/2011,28.9,55.9,0
12/2/2011,28.9,64,0
12/12/2011,32,48,0
12/16/2011,43,66,0.53
12/19/2011,28,57.9,0
3/15/2012,54,84,0
3/19/2012,53.1,77,0.33
3/22/2012,59,80.1,0
4/11/2012,43,57.9,0
4/14/2012,42.1,75.9,0
5/1/2012,66.9,86,0
5/24/2012,64.9,86,0.19
6/21/2012,71.1,96.1,0
9/29/2009,50,72,0
9/30/2009,46.9,75,0
10/2/2009,55,77,0
10/4/2009,48.9,75,0
10/11/2009,55.9,70,0.01
10/18/2009,39.9,52,0
10/21/2009,42.1,78.1,0
10/28/2009,54,75.9,0.04
11/1/2009,48.9,70,0.92
11/2/2009,42.1,60.1,0.03
11/6/2009,37.9,60.1,0
11/13/2009,48,55,0.03
11/15/2009,44.1,73,0
11/20/2009,42.1,63,0
11/21/2009,39,57,0
11/29/2009,39,71.1,0
12/2/2009,39.9,68,2.3
12/3/2009,39,68,0
12/7/2009,27,51.1,0
12/9/2009,39.9,70,0.76
12/10/2009,35.1,59,0
12/18/2009,30.9,37,0.46
12/27/2009,28,55,0
12/30/2009,23,37.9,0.07
12/31/2009,32,46,0.11
1/12/2010,28,37.9,0
1/20/2010,37,64.9,0
1/24/2010,39.9,64.9,0.13
1/29/2010,28,46,0.1
2/2/2010,28.9,37,0.09
2/7/2010,21.9,42.1,0
2/12/2010,26.1,39,0.1
2/14/2010,24.1,46.9,0
2/19/2010,25,54,0
3/3/2010,33.1,44.1,0.12
3/5/2010,25,51.1,0
3/8/2010,30,66,0
3/12/2010,57,64,0.09
3/14/2010,45,62.1,0.22
3/15/2010,39.9,62.1,0
3/21/2010,52,69.1,0
3/26/2010,36,66.9,0.06
3/30/2010,51.1,69.1,0
4/3/2010,55,80.1,0
4/7/2010,61,87.1,0
4/8/2010,62.1,81,0.13
4/16/2010,50,86,0
4/21/2010,48,64.9,0.33
4/30/2010,50,82.9,0
5/1/2010,61,89.1,0
5/6/2010,68,91.9,0
5/12/2010,64,84.9,0
5/17/2010,55.9,77,2.3
5/22/2010,66,82,0.59
5/30/2010,69.1,88,0
6/18/2010,69.1,88,0
6/26/2010,73,97,0
7/15/2010,71.1,96.1,0
7/27/2010,72,82.9,0.32
8/2/2010,70,86,0
8/5/2010,73.9,95,0.8
8/8/2010,71.1,90,0
8/10/2010,73.9,97,0
8/13/2010,73.9,88,0
8/15/2010,73.9,93,0
8/17/2010,73.9,97,0
8/30/2010,64.9,98.1,0
9/1/2010,69.1,95,0
9/6/2010,57.9,90,0
9/29/2010,63,69.1,1.69
11/29/2010,27,55,0
12/4/2010,28.9,41,0.27
12/11/2010,26.1,41,0.17
12/17/2010,28,43,0
12/18/2010,28.9,39,0.01
12/22/2010,41,52,0
12/27/2010,19.9,37,0
12/30/2010,24.1,46,0
1/2/2011,37,62.1,0.17
1/12/2011,26.1,37.9,0
1/13/2011,19.9,42.1,0
1/15/2011,26.1,50,0
1/24/2011,25,39.9,0
1/30/2011,35.1,69.1,0
2/2/2011,44.1,68,0.18
2/8/2011,30,50,0
2/12/2011,24.1,57,0
2/14/2011,37.9,72,0
3/10/2011,42.1,68,0.47
3/12/2011,30.9,69.1,0
3/13/2011,45,77,0
3/18/2011,46,84.9,0
3/20/2011,42.1,60.1,0
3/22/2011,54,84.9,0
4/16/2011,55.9,73.9,0.39
4/17/2011,45,71.1,0
4/22/2011,51.1,57.9,0.43
4/30/2011,46,77,0
5/1/2011,54,75,0
5/9/2011,50,80.1,0
5/10/2011,54,82,0.16
6/4/2011,55.9,89.1,0
6/8/2011,72,97,0
6/9/2011,73.9,97,0
6/13/2011,69.1,84.9,0
6/30/2011,66,91,0
7/2/2011,66,95,0
7/8/2011,73.9,91.9,0.41
7/22/2011,78.1,102.9,0
7/23/2011,78.1,102.9,0
8/2/2011,70,97,0
8/12/2011,71.1,88,0
8/13/2011,71.1,82,0.48
8/24/2011,64.9,88,0
9/6/2011,73.9,88,1.59
9/11/2011,64.9,88,0
9/22/2011,70,82,0.08
9/23/2011,66,73.9,0.68
9/30/2011,55.9,84,0.16
10/6/2011,50,75,0
10/8/2011,46,73,0
10/13/2011,66,80.1,0
10/20/2011,45,62.1,0
10/26/2011,45,75.9,0
10/28/2011,43,63,0.08
10/30/2011,30,57.9,0
11/1/2011,37,61,0
11/6/2011,39.9,64.9,0
11/10/2011,39.9,66.9,0.01
11/19/2011,28,63,0
11/29/2011,39.9,66.9,0.97
12/6/2011,60.1,72,0
12/20/2011,39.9,62.1,0
12/25/2011,34,52,0
1/2/2012,32,55,0
1/3/2012,24.1,35.1,0
1/8/2012,48,59,0.02
1/10/2012,43,55.9,0
1/16/2012,27,46.9,0
2/6/2012,30.9,48.9,0
2/9/2012,28,51.1,0
2/11/2012,25,48,0
2/22/2012,41,70,0
2/25/2012,36,53.1,0
2/26/2012,25,54,0
3/2/2012,44.1,61,0.02
3/11/2012,30.9,64,0
3/14/2012,54,84,0
3/18/2012,57.9,70,0.87
3/20/2012,57.9,81,1.58
3/27/2012,39,62.1,0
4/12/2012,32,63,0
4/19/2012,52,63,0
5/2/2012,66.9,91,0
7/23/2008,70,90,0.11
7/27/2008,72,91,0.09
7/31/2008,73,95,0.05
8/10/2008,66,88,0.12
8/21/2008,70,88,0
8/24/2008,66.9,91,0
9/21/2008,57,75,0
10/3/2008,46.9,75,0
10/17/2008,53.1,70,0.26
10/21/2008,42.1,73.9,0
1/5/2007,57,72,0.86
1/7/2007,44.1,66,0.21
1/12/2007,36,64.9,0
1/22/2007,33.1,41,0.08
1/28/2007,30.9,57.9,0
1/29/2007,19.9,37,0
1/31/2007,25,39.9,0
2/2/2007,34,45,0
2/4/2007,25,50,0
2/7/2007,35.1,52,0
2/12/2007,26.1,64,0
2/19/2007,19,50,0
2/23/2007,37,55,0
2/28/2007,37.9,61,0
3/2/2007,46.9,68,0.96
3/3/2007,41,69.1,0
3/6/2007,37.9,55,0
3/9/2007,30.9,59,0
3/27/2007,59,87.1,0.04
4/3/2007,53.1,86,0
4/15/2007,42.1,77,1.76
4/25/2007,61,87.1,0
5/29/2007,62.1,91.9,0
6/13/2007,64,79,0.18
6/15/2007,59,75,0.01
6/19/2007,70,97,0.38
6/29/2007,71.1,93,0.18
7/7/2007,68,93.9,0
7/8/2007,70,95,0
7/9/2007,71.1,98.1,0
7/13/2007,64,81,0
7/20/2007,72,88,0
7/21/2007,62.1,84,0
11/5/2007,36,68,0
11/10/2007,35.1,57.9,0
11/14/2007,48.9,78.1,0
11/22/2007,51.1,77,0
12/22/2007,43,50,0
12/25/2007,30.9,54,0
1/7/2008,43,72,0
1/12/2008,41,57.9,0
1/13/2008,39,46.9,0
1/16/2008,21,46,0
1/21/2008,15.1,37,0
1/22/2008,24.1,42.1,0.15
3/26/2008,41,73,0
3/30/2008,41,45,0.36
3/31/2008,44.1,60.1,0.98
4/1/2008,60.1,77,0.02
4/5/2008,60.1,64.9,0.25
4/11/2008,57,82.9,0
4/14/2008,37,55,0
5/13/2008,44.1,71.1,0
5/25/2008,52,80.1,0
5/29/2008,55,78.1,0
6/2/2008,61,84,0
6/6/2008,75.9,99,0
6/8/2008,73,100.9,0
9/16/2008,63,73.9,1.38
9/19/2008,55.9,75.9,0
10/30/2008,28,60.1,0
11/2/2008,37.9,75,0
11/6/2008,46.9,77,0
11/11/2008,33.1,57,0
7/2/2012,73.9,93.9,0
7/5/2012,72,100.9,0
7/26/2012,75.9,98.1,0
7/28/2012,68,95,1.12
8/1/2012,72,90,0.03
8/7/2012,73.9,87.1,0.08
8/8/2012,69.1,89.1,0.06
8/12/2012,71.1,87.1,0
8/16/2012,69.1,89.1,0
8/19/2012,69.1,75,2.08
8/22/2012,69.1,81,0.13
8/23/2012,66.9,84,0
9/1/2012,73,91.9,0
9/3/2012,71.1,89.1,0.91
9/4/2012,73,89.1,0.03
9/5/2012,73.9,88,0
9/15/2012,61,80.1,0
9/19/2012,57,72,0
9/23/2012,53.1,75,0
10/5/2012,57,82,0
10/6/2012,57.9,84,0
10/13/2012,42.1,66.9,0
10/15/2012,55.9,73,0.11
10/17/2012,46,72,0
10/19/2012,53.1,78.1,0.19
10/26/2012,57,72,0.01
11/13/2012,39.9,64.9,0.18
11/15/2012,37,46,0.29
11/21/2012,36,59,0
11/26/2012,30.9,66.9,0
11/27/2012,42.1,57.9,0.09
12/1/2012,34,64.9,0
12/3/2012,53.1,75.9,0
12/10/2012,63,72,0.01
12/18/2012,39,62.1,0
12/25/2012,44.1,60.1,0.01
1/4/2013,26.1,51.1,0
1/5/2013,25,48.9,0
1/18/2013,28.9,46,0.06
1/26/2013,27,37.9,0
1/27/2013,21.9,41,0
1/30/2013,61,72,0.35
2/7/2013,36,48,0.43
2/12/2013,46.9,60.1,0
2/19/2013,35.1,51.1,0.14
2/26/2013,36,57.9,0.86
3/1/2013,28,48.9,0
3/5/2013,35.1,50,0.41
3/8/2013,30.9,55,0
3/14/2013,28.9,53.1,0
3/19/2013,39.9,66.9,0
3/22/2013,23,52,0
4/1/2013,48.9,71.1,0.01
4/7/2013,36,71.1,0
4/15/2013,57.9,71.1,0.02
4/23/2013,46.9,66.9,0.13
4/25/2013,50,71.1,0
4/29/2013,55,72,0.86
4/30/2013,57,66,0
5/6/2013,55.9,68,1.41
5/9/2013,54,80.1,0
5/18/2013,62.1,78.1,0.42
5/21/2013,69.1,84.9,0
5/29/2013,63,84.9,0
6/2/2013,68,87.1,0.11
6/4/2013,64,79,0
6/9/2013,66.9,87.1,0.02
6/13/2013,68,93.9,0.05
6/17/2013,71.1,87.1,0
6/20/2013,63,82,0
6/21/2013,55,82.9,0
6/25/2013,70,91.9,0.01
6/30/2013,68,87.1,0.99
7/9/2013,72,89.1,0
7/10/2013,73,89.1,0.04
7/13/2013,70,78.1,0.53
7/20/2013,73.9,90,0
7/23/2013,73.9,91,0
7/24/2013,71.1,96.1,0.5
7/25/2013,66,80.1,0
7/28/2013,69.1,90,0.46
8/6/2013,66.9,84,0.14
8/7/2013,70,87.1,0
8/21/2013,70,88,0.01
8/22/2013,70,89.1,0
8/23/2013,66.9,88,0
8/25/2013,60.1,80.1,0
8/27/2013,62.1,89.1,0
9/2/2013,70,88,0
9/10/2013,68,91,0
9/13/2013,64.9,84.9,0
9/21/2013,66,75.9,0.77
9/24/2013,53.1,75.9,0
9/25/2013,53.1,75,0
9/27/2013,52,73.9,0
10/2/2013,57,84.9,0
10/3/2013,59,86,0
10/7/2013,63,73.9,0.86
10/14/2013,55.9,64.9,0.11
10/17/2013,60.1,77,0
10/19/2013,57.9,70,0.01
10/20/2013,43,64.9,0
10/28/2013,45,69.1,0
11/3/2013,39.9,63,0
11/6/2013,44.1,71.1,0
11/13/2013,26.2,45,0
11/14/2013,25.2,57,0
11/24/2013,23.2,43,0
11/29/2013,24.3,50,0
12/1/2013,27.1,59,0
12/5/2013,55,66.9,0.03
12/8/2013,33.1,42.1,0.05
12/10/2013,28.2,48,0.47
12/12/2013,25.2,44.1,0
12/13/2013,23.2,52,0
12/17/2013,35.1,60.1,0
12/18/2013,31.1,48.9,0
12/20/2013,43,66.9,0
3/29/2015,22.1,52,0
4/1/2015,46.9,66,0
4/2/2015,39,73.9,0
4/3/2015,61,82.9,0
4/14/2015,61,79,1.23
4/19/2015,63,73,0.76
5/2/2015,46,73,0
5/9/2015,64.9,84.9,0.03
5/15/2015,55,77,0
5/20/2015,62.1,88,0
5/21/2015,57,71.1,0.24
5/24/2015,54,82.9,0
5/29/2015,66,87.1,0
6/1/2015,68,90,0.08
6/11/2015,70,93,0.08
6/16/2015,73,100,0
6/20/2015,71.1,96.1,0.01
6/26/2015,69.1,91.9,1.26
7/3/2015,69.1,78.1,0.14
7/6/2015,70,89.1,0
7/9/2015,72,93.9,0
7/13/2015,71.1,88,0.65
7/14/2015,70,88,0
7/19/2015,72,93,1.57
7/20/2015,72,93,0
7/21/2015,73,93,0.78
7/23/2015,72,82,0.76
7/24/2015,68,86,0
7/29/2015,75,91,0
7/31/2015,71.1,91,0
8/1/2015,64.9,93,0
8/7/2015,70,75,0.02
8/8/2015,66,84.9,0
8/10/2015,71.1,84.9,0
8/20/2015,72,90,0
8/22/2015,66,87.1,0
8/24/2015,72,91.9,0.89
8/26/2015,69.1,82,0
8/30/2015,63,86,0
9/1/2015,66.9,91,0
9/6/2015,66,81,0
9/7/2015,71.1,87.1,0
9/8/2015,70,89.1,0.04
9/14/2015,48,78.1,0
9/15/2015,50,82,0
9/19/2015,62.1,87.1,0
9/21/2015,64.9,79,0
10/8/2015,57,82.9,0
10/9/2015,60.1,82,0
10/11/2015,52,72,0
10/14/2015,52,77,0
10/18/2015,33.1,57.9,0
10/24/2015,51.1,71.1,0
10/27/2015,50,63,0.47
10/29/2015,57,73.9,0.05
11/3/2015,59,64.9,0.53
11/5/2015,63,73.9,0
11/9/2015,46.9,55,1.45
11/11/2015,46,68,0
11/19/2015,55.9,73,1.86
11/21/2015,32,60.1,0
11/23/2015,29.1,46.9,0
11/30/2015,45,60.1,0.74
12/12/2015,53.1,75,0
12/27/2015,64,75.9,0
12/29/2015,53.1,73.9,0.1
1/1/2016,43,51.1,0
1/16/2016,42.1,61,0
2/5/2016,29.1,46.9,0.01
2/17/2016,37.9,57,0
2/25/2016,39.9,55,0
2/27/2016,24.3,52,0
2/29/2016,46,73,0
3/2/2016,35.1,64,0.1
3/8/2016,46.9,78.1,0
3/9/2016,51.1,78.1,0
3/19/2016,43,60.1,0.03
3/24/2016,54,78.1,0
3/28/2016,54,75,0.08
3/29/2016,45,66.9,0
3/31/2016,55,77,0
4/3/2016,44.1,62.1,0
4/14/2016,37.9,66,0
4/17/2016,37,72,0
4/18/2016,42.1,84,0
4/19/2016,53.1,88,0
4/25/2016,53.1,81,0
4/27/2016,64,87.1,0.52
4/29/2016,60.1,78.1,0
5/5/2016,48.9,61,0.68
5/10/2016,64.9,84,0
5/12/2016,64,81,0.56
5/16/2016,42.1,73,0
5/24/2016,50,82.9,0
5/27/2016,68,88,0
6/2/2016,70,88,0
6/4/2016,69.1,91.9,0.61
6/8/2016,57.9,81,0
6/11/2016,69.1,91.9,0
6/14/2016,59,90,0
6/19/2016,55.9,84,0
6/30/2016,69.1,88,0.01
7/6/2016,72,91,0
7/8/2016,71.1,93.9,0.25
7/10/2016,69.1,88,0
7/12/2016,70,91,0.37
7/14/2016,73,95,0
7/22/2016,73,93,0
7/30/2016,73.9,95,0.03
8/3/2016,73,88,0
8/4/2016,69.1,87.1,1.02
8/12/2016,75.9,93.9,0
8/16/2016,75,95,0
8/22/2016,66.9,87.1,0
8/24/2016,64,87.1,0
8/27/2016,75,98.1,0.18
9/10/2016,73.9,91.9,0
9/23/2016,66.9,84.9,0
9/24/2016,64,91.9,0
9/25/2016,69.1,73.9,0
10/9/2016,52,73,0.13
10/16/2016,51.1,78.1,0
10/17/2016,57,82,0
10/24/2016,46.9,78.1,0
11/3/2016,55.9,82.9,0.01
11/8/2016,33.1,66.9,0
11/14/2016,44.1,54,0.27
11/17/2016,37,69.1,0
11/22/2016,27.1,57.9,0
12/3/2016,33.1,54,0
12/5/2016,42.1,59,0.41
12/8/2016,37.9,52,0
12/10/2016,20.1,45,0
12/11/2016,23.2,46,0
12/14/2016,34,52,0
12/15/2016,24.3,41,0
12/17/2016,28.2,48.9,0.01
12/19/2016,34,46.9,0.21
12/20/2016,29.1,45,0
12/22/2016,37.9,66,0
12/30/2016,28.2,48,0
1/1/2017,41,50,0.54
1/11/2017,39.9,57,0
1/13/2017,50,75.9,0.01
1/18/2017,45,70,0
1/20/2017,46,59,0.09
2/3/2017,34,48.9,0.06
2/7/2017,48.9,75.9,0
2/16/2017,32,53.1,0
3/7/2017,48.9,73.9,0
3/13/2017,26.2,42.1,0.56
3/21/2017,50,82,0.2
3/26/2017,52,77,0
3/27/2017,59,79,0.06
4/4/2017,63,82,0
4/6/2017,50,70,0.09
4/10/2017,48.9,78.1,0
4/18/2017,61,73.9,0.03
4/21/2017,63,89.1,0.21
4/27/2017,62.1,82,0
4/28/2017,69.1,88,0
4/29/2017,72,89.1,0
4/30/2017,70,86,0.02
6/9/2017,53.1,82.9,0
6/24/2017,71.1,91,0.46
7/6/2017,68,93,0
7/17/2017,71.1,90,0.02
7/22/2017,75.9,100.9,0
7/28/2017,75,93.9,0.21
8/1/2017,60.1,88,0
8/3/2017,68,93.9,0
8/4/2017,68,91.9,0
8/7/2017,73.9,91.9,0.04
8/8/2017,68,78.1,1.5
8/16/2017,73.9,91.9,0
8/19/2017,73,91.9,0.05
8/30/2017,59,84,0
8/31/2017,69.1,87.1,0.01
9/5/2017,64,90,0.06
9/8/2017,51.1,77,0
9/12/2017,63,79,0.63
9/13/2017,61,84,0
9/14/2017,64,82.9,0
9/18/2017,64.9,82.9,0
9/19/2017,64,84.9,0
9/20/2017,62.1,91,0
9/22/2017,61,89.1,0
9/23/2017,61,87.1,0
9/27/2017,68,91,0
10/4/2017,50,82,0
10/5/2017,54,84.9,0
10/6/2017,55,86,0
10/9/2017,73.9,91.9,0.09
10/10/2017,75,90,0
10/15/2017,62.1,82.9,0
10/27/2017,37.9,73,0
10/29/2017,41,68,0.78
11/2/2017,55,78.1,0
11/3/2017,52,81,0
11/8/2017,43,45,0.13
11/10/2017,35.1,57.9,0
11/15/2017,33.1,54,0
11/16/2017,36,66.9,0
11/19/2017,34,64,0.08
11/20/2017,28.2,57,0
12/1/2017,41,63,0
12/2/2017,45,51.1,0
12/3/2017,42.1,64,0
12/5/2017,41,69.1,0
12/7/2017,39.9,48.9,0
12/11/2017,26.2,55,0
12/18/2017,35.1,61,0
1/3/2018,9.1,32,0.06
1/8/2018,16.2,46.9,0
1/12/2018,55.9,71.1,0.5
1/24/2018,34,54,0
2/19/2018,39.9,50,0.3
2/25/2018,60.1,73,0
3/1/2018,50,57,0.59
3/9/2018,25.2,52,0
3/13/2018,29.1,48,0
3/17/2018,34,71.1,0.27
3/19/2018,44.1,64.9,0
3/26/2018,32,53.1,0
3/27/2018,34,48.9,0.01
4/2/2018,51.1,81,0
4/6/2018,45,73,0
4/13/2018,52,80.1,0
4/15/2018,61,82,3.31
4/16/2018,41,64,0
4/24/2018,53.1,64.9,0.85
4/25/2018,51.1,68,0
4/27/2018,54,73,0.01
4/28/2018,50,78.1,0
5/1/2018,45,82.9,0
5/5/2018,63,82,0
5/11/2018,59,89.1,0
5/16/2018,68,84.9,0.76
5/19/2018,69.1,75,0.59
5/23/2018,69.1,87.1,0
5/24/2018,68,84,0
6/17/2018,70,93,0
6/20/2018,73,93.9,0
7/1/2018,73,95,0.48
7/8/2018,62.1,82,0
7/11/2018,66.9,96.1,0.05
7/13/2018,68,88,0
7/21/2018,69.1,88,0.01
7/25/2018,69.1,82,0.27
8/1/2018,73,90,0.02
8/3/2018,70,77,1.12
8/6/2018,72,91.9,0.05
8/7/2018,71.1,93,0.2
8/8/2018,69.1,93.9,0.46
8/9/2018,69.1,90,0
8/13/2018,66.9,84.9,0.08
8/17/2018,73,91,0
8/21/2018,71.1,87.1,0.01
9/15/2018,73,77,1.85
9/21/2018,70,82.9,0
9/22/2018,66.9,88,0
9/30/2018,62.1,81,0
10/1/2018,60.1,82,0
10/3/2018,64,86,0
12/24/2013,29.1,46.9,0
12/26/2013,24.3,53.1,0.03
12/29/2013,43,63,1.94
12/30/2013,35.1,53.1,0
1/6/2014,16.2,61,0.13
1/10/2014,39,45,0.57
1/12/2014,39,57.9,0
1/20/2014,30.2,64,0
1/26/2014,22.1,52,0
2/24/2014,37.9,60.1,0
2/27/2014,24.3,55,0
3/1/2014,28.2,55,0
3/9/2014,39,66,0
3/10/2014,34,73.9,0
3/11/2014,44.1,79,0
3/29/2014,55.9,66,0.49
4/4/2014,57,82,0
4/8/2014,55,66.9,0.01
4/9/2014,45,68,0.07
4/16/2014,33.1,54,0
4/19/2014,46,53.1,0.56
4/22/2014,46.9,82.9,0
4/26/2014,48.9,79,0
4/28/2014,54,66.9,0
4/30/2014,64.9,77,1.12
5/1/2014,62.1,79,0
5/4/2014,48.9,82.9,0
5/11/2014,60.1,86,0
5/25/2014,54,82,0
5/26/2014,61,87.1,0.09
5/30/2014,63,73.9,0
6/17/2014,70,96.1,0
6/19/2014,70,97,0.27
6/20/2014,68,91,0.64
6/28/2014,69.1,84.9,0
7/8/2014,73.9,98.1,0
7/10/2014,71.1,88,0.66
7/14/2014,75,98.1,0
7/20/2014,68,81,0.93
7/25/2014,66,82.9,0
7/26/2014,69.1,90,0
7/27/2014,72,87.1,0.45
7/28/2014,70,88,0
8/5/2014,68,88,0
8/7/2014,69.1,86,0
8/12/2014,70,87.1,2.45
8/27/2014,57.9,86,0
9/27/2014,55,75.9,0
10/3/2014,64.9,84.9,0.09
10/4/2014,46.9,73,0
10/6/2014,45,75.9,0
10/8/2014,60.1,82.9,0
10/15/2014,57,75,0.62
10/31/2014,42.1,62.1,0
11/12/2014,50,75.9,0
11/21/2014,26.2,48,0
11/23/2014,34,66,0.64
11/24/2014,60.1,72,0.01
12/3/2014,44.1,57,0
12/11/2014,26.2,48,0
12/13/2014,28.2,60.1,0
12/18/2014,31.1,51.1,0
12/27/2014,31.1,62.1,0
12/28/2014,48,61,0.01
12/29/2014,41,55,0.72
1/5/2015,32,55.9,0
1/6/2015,26.2,55,0
1/29/2015,23.2,46.9,0.02
2/1/2015,32,57,0
2/7/2015,26.2,60.1,0
2/9/2015,45,62.1,0.4
2/10/2015,36,45,0.17
2/15/2015,15.3,29.1,0
2/28/2015,26.2,37,0
3/3/2015,35.1,43,0.07
3/6/2015,24.3,37,0
3/11/2015,59,75.9,0.11
3/17/2015,46.9,82,0
8/26/2008,72,81,0.07
8/30/2008,70,91,0.64
9/1/2008,64.9,86,0
9/7/2008,69.1,89.1,0
9/8/2008,66.9,90,0
9/14/2008,73,91,0
9/22/2008,60.1,80.1,0
9/23/2008,59,75.9,0
11/9/2008,37,66,0
11/20/2008,28,57,0
3/9/2009,55,84,0
3/16/2009,46.9,51.1,0.41
3/19/2009,45,75.9,0.64
4/6/2009,48,71.1,0.46
4/22/2009,46.9,64.9,0
4/24/2009,52,89.1,0
5/4/2009,66.9,87.1,0.29
5/28/2009,68,86,0.65
6/5/2009,64.9,80.1,0.13
6/9/2009,66,93.9,0.82
6/28/2009,63,91.9,0
7/5/2009,70,82,0.03
7/7/2009,64,91,0
7/16/2009,73.9,91,0
9/16/2009,66.9,79,0.05
9/20/2009,62.1,78.1,0
6/17/2008,68,90,0
6/23/2008,66.9,89.1,0.01
7/11/2008,72,87.1,0.03
7/15/2008,66,87.1,0
7/25/2008,63,86,0
8/1/2008,73,93.9,0
8/2/2008,71.1,95,0.1
8/5/2008,72,96.1,0
8/6/2008,73,96.1,0
8/9/2008,64,89.1,0
8/11/2008,64.9,86,0
8/15/2008,66,91,0.36
8/16/2008,66.9,86,0
8/25/2008,69.1,88,0
10/7/2008,55.9,71.1,0
10/8/2008,52,73.9,0
11/21/2008,28,44.1,0.05
11/25/2008,30.9,54,0.18
11/26/2008,26.1,54,0
11/28/2008,39,68,0
12/16/2008,44.1,61,0.02
12/21/2008,35.1,60.1,0.6
1/21/2009,12.9,35.1,0
1/22/2009,21.9,48.9,0
1/24/2009,36,57,0
2/5/2009,19,34,0
3/24/2009,41,57.9,0
6/25/2009,64,95,0
9/1/2009,61,79,0
9/2/2009,57,79,0
9/5/2009,57,89.1,0
9/12/2009,60.1,87.1,0
1/8/2007,39.9,66.9,0.3
1/20/2007,26.1,48,0
1/23/2007,32,50,0
1/26/2007,21.9,48.9,0
2/3/2007,27,45,0
3/16/2007,37.9,66,2.14
3/28/2007,61,86,0
4/9/2007,32,55.9,0
4/22/2007,48.9,84,0
5/14/2007,44.1,75,0
5/15/2007,53.1,82,0
5/19/2007,43,73,0
5/20/2007,46.9,82.9,0
5/21/2007,54,88,0
5/31/2007,64,91,0
6/6/2007,60.1,84,0.22
6/9/2007,68,91.9,0.39
6/10/2007,69.1,87.1,0
6/16/2007,57.9,82.9,0.03
8/22/2007,71.1,95,0
9/13/2007,63,91,0
9/14/2007,70,82.9,1.91
9/19/2007,57,75.9,0
9/27/2007,64.9,91,0
10/2/2007,61,82,0
11/4/2007,35.1,66,0
11/6/2007,43,63,0
11/8/2007,32,54,0
11/18/2007,35.1,70,0
11/30/2007,32,57,0
12/8/2007,39.9,71.1,0
12/12/2007,55.9,79,0
12/16/2007,35.1,53.1,0.24
12/19/2007,28.9,53.1,0.02
5/18/2008,53.1,79,0.57
5/19/2008,52,75,0
6/4/2008,72,93.9,0
6/11/2008,73.9,93,0
6/20/2008,63,91,0
6/25/2008,62.1,95,0
7/16/2008,64.9,88,0
9/29/2008,64,82,0
9/30/2008,62.1,81,0.01
10/2/2008,46.9,70,0
10/4/2008,48.9,79,0
10/18/2008,51.1,62.1,0.3
10/23/2008,39,60.1,0
11/1/2008,37.9,77,0
11/29/2008,39,50,0.04
12/5/2008,28,52,0
12/8/2008,21.9,48,0
12/11/2008,57,69.1,1.4
12/14/2008,28,57,0
12/24/2008,37.9,66.9,0
12/25/2008,37.9,66,0.31
12/28/2008,57,73.9,0.23
1/4/2009,43,55.9,0.62
1/12/2009,30,48,0
1/15/2009,21.9,44.1,0
1/18/2009,32,41,0
2/7/2009,30.9,71.1,0
2/13/2009,41,68,0
2/22/2009,30.9,50,0.01
2/25/2009,25,55.9,0
3/22/2009,30.9,66.9,0
5/7/2009,66,84,0.1
5/10/2009,63,80.1,0
5/20/2009,44.1,79,0
5/21/2009,60.1,82,0
6/12/2009,66.9,91,0
7/18/2009,71.1,86,0.06
7/21/2009,68,88,0
7/25/2009,66.9,96.1,0
7/28/2009,69.1,95,0
8/1/2009,73,91.9,0
8/10/2009,72,99,0
8/18/2009,72,96.1,0
7/28/2008,70,93,0
6/26/2012,61,81,0
6/29/2012,71.1,105.1,0
7/7/2012,72,102,0
7/12/2012,69.1,82.9,0
7/14/2012,73.9,91.9,0
7/16/2012,73.9,96.1,0
7/18/2012,75,98.1,0
7/22/2012,72,88,1.1
8/4/2012,75,91.9,0
8/5/2012,73.9,91.9,0
8/13/2012,66.9,90,0
8/15/2012,71.1,88,0
8/21/2012,69.1,82,0
8/27/2012,70,88,0
8/31/2012,71.1,91.9,0
9/11/2012,55,78.1,0
9/12/2012,53.1,79,0
9/17/2012,62.1,82,0.72
9/18/2012,68,81,1.7
9/20/2012,53.1,75.9,0
9/21/2012,55,82,0
9/29/2012,60.1,68,0.99
10/3/2012,72,86,0
10/8/2012,46.9,52,0.38
10/10/2012,54,72,0
10/12/2012,44.1,73,0
10/18/2012,48,79,0
10/20/2012,46,72,0
10/21/2012,41,68,0
10/30/2012,42.1,51.1,0.07
11/3/2012,34,61,0
11/9/2012,30.9,64.9,0
11/10/2012,36,73.9,0
11/11/2012,39,75,0
11/12/2012,52,73.9,0
11/14/2012,33.1,51.1,0
11/16/2012,39,55,0
11/17/2012,34,55.9,0
11/22/2012,34,61,0
11/29/2012,25,55,0
12/7/2012,45,55.9,0.05
12/9/2012,51.1,72,0.02
12/11/2012,50,64.9,0
12/12/2012,39,50,0.24
12/15/2012,32,57.9,0
12/17/2012,55,62.1,0.18
12/22/2012,32,50,0
12/26/2012,37,48.9,1.41
1/2/2013,39.9,48.9,0.24
1/3/2013,28.9,45,0
1/8/2013,28,55.9,0
1/9/2013,35.1,68,0
1/10/2013,46,64.9,0
1/13/2013,55,75,0
1/14/2013,57.9,69.1,0
1/17/2013,33.1,51.1,1.41
1/22/2013,25,43,0
1/23/2013,18,42.1,0
1/24/2013,21,36,0
1/29/2013,44.1,73,0
2/5/2013,39,60.1,0
2/13/2013,42.1,50,0.23
2/21/2013,25,54,0
3/2/2013,26.1,48,0
3/10/2013,32,66.9,0
3/18/2013,37.9,43,0.28
3/21/2013,30.9,46,0
3/24/2013,34,43,0.73
3/27/2013,34,52,0
3/29/2013,28,57.9,0
4/2/2013,35.1,60.1,0
4/4/2013,39,48,0.72
4/8/2013,52,78.1,0
4/12/2013,63,80.1,1.04
4/13/2013,52,73.9,0
4/18/2013,62.1,79,0
4/22/2013,35.1,61,0.01
5/1/2013,57,62.1,0.01
5/12/2013,52,72,0
5/13/2013,44.1,64.9,0
5/14/2013,39,70,0
5/22/2013,69.1,82.9,0.01
5/26/2013,48,73,0
5/28/2013,64,84.9,0
6/3/2013,64,82.9,0.45
6/6/2013,66,77,0.38
6/15/2013,57,84.9,0
6/22/2013,69.1,82,0
6/26/2013,69.1,91.9,0.29
7/5/2013,72,89.1,0
7/6/2013,73,88,0.01
7/12/2013,70,77,0.05
7/15/2013,69.1,90,0
7/27/2013,68,88,0.13
7/29/2013,69.1,87.1,0.03
8/1/2013,70,87.1,0
8/3/2013,70,91,2.3
8/4/2013,66,84,0
8/8/2013,72,91,0
8/10/2013,73,93.9,0.08
8/15/2013,59,75.9,0
8/16/2013,59,71.1,0
8/17/2013,64,73,0.19
1/24/2007,30,48.9,0
2/6/2007,15.1,39,0
2/13/2007,37.9,50,0.59
2/14/2007,28,53.1,0.14
2/15/2007,21.9,39.9,0
2/16/2007,23,39,0
2/22/2007,48.9,73.9,0
3/8/2007,30,55,0
3/13/2007,44.1,80.1,0
4/30/2007,46.9,87.1,0
5/1/2007,59,91.9,0
5/6/2007,46.9,66.9,0
5/13/2007,51.1,73,0
6/17/2007,64,89.1,0.06
6/18/2007,63,96.1,0
6/20/2007,64.9,82.9,0.2
6/23/2007,66,84.9,0.12
6/25/2007,68,91,0
7/10/2007,72,95,0.11
7/11/2007,70,95,0.82
7/17/2007,70,96.1,2.05
7/18/2007,71.1,91,0.08
7/27/2007,69.1,93.9,1.18
8/1/2007,69.1,91.9,0
8/2/2007,69.1,91.9,0
8/4/2007,70,96.1,0
8/5/2007,72,98.1,0.03
8/10/2007,75,104,0.05
8/13/2007,70,98.1,0
10/4/2007,68,87.1,0
10/10/2007,64,88,0.04
10/11/2007,51.1,69.1,0
10/25/2007,59,70,0.08
10/27/2007,55.9,75,0.37
11/2/2007,46.9,62.1,0
11/11/2007,30,57.9,0
11/15/2007,39,66,0.32
12/28/2007,36,64,0.04
1/2/2008,25,35.1,0
1/6/2008,39.9,69.1,0
1/10/2008,46.9,55.9,0.15
1/15/2008,24.1,44.1,0
1/17/2008,34,39,0.55
1/24/2008,30,46.9,0
1/26/2008,28.9,48,0
1/27/2008,26.1,52,0
1/28/2008,24.1,55,0
2/2/2008,28.9,61,0
2/5/2008,48,75.9,0
2/8/2008,35.1,59,0
2/9/2008,42.1,66.9,0
2/10/2008,37.9,64.9,0
2/14/2008,28,50,0.01
2/26/2008,46.9,61,0.47
2/29/2008,26.1,55.9,0
3/7/2008,46,59,1.02
3/9/2008,28,52,0
3/11/2008,37,64,0
3/13/2008,37,75.9,0
3/16/2008,46.9,63,0.01
3/21/2008,33.1,66.9,0
3/27/2008,46.9,77,0
4/4/2008,45,73,0.39
4/8/2008,46.9,64,0
4/9/2008,51.1,71.1,0
4/12/2008,57,75.9,0.06
4/15/2008,37.9,61,0
4/18/2008,46,86,0
4/20/2008,48,73.9,0.43
4/27/2008,63,79,1.16
4/28/2008,55.9,71.1,0.68
5/1/2008,48,78.1,0
5/2/2008,57,81,0
5/9/2008,63,82,0.43
8/28/2013,70,82.9,0
8/30/2013,64.9,88,0
9/6/2013,64,82,0
9/29/2013,52,75,0
9/30/2013,51.1,75.9,0
10/9/2013,54,62.1,0.19
10/24/2013,35.1,59,0
10/26/2013,29.1,59,0
11/5/2013,37,57,0
11/10/2013,37.9,72,0
11/11/2013,32,59,0
11/16/2013,50,69.1,0
11/22/2013,46.9,71.1,0.03
11/25/2013,18.1,43,0
11/26/2013,37,66,0.83
11/27/2013,30.2,50,0.71
11/30/2013,27.1,48,0
12/6/2013,64.9,79,0
12/15/2013,34,54,0.03
12/22/2013,64,78.1,0.28
12/27/2013,26.2,52,0
12/28/2013,25.2,59,0
1/5/2014,37,62.1,0
1/17/2014,29.1,55.9,0
1/23/2014,16.2,37.9,0
1/28/2014,18.1,33.1,0.18
1/29/2014,14.2,27.1,0
1/30/2014,7.2,37.9,0
2/2/2014,41,64,0
2/4/2014,37.9,39.9,0.48
2/6/2014,31.1,42.1,0
2/7/2014,35.1,52,0
2/10/2014,35.1,43,0.08
2/12/2014,23.2,30.2,0.64
2/21/2014,41,73,0.4
2/22/2014,36,64,0
2/25/2014,29.1,53.1,0
2/26/2014,32,48.9,0
2/28/2014,26.2,45,0
3/4/2014,16.2,37.9,0
3/12/2014,42.1,70,0.35
3/21/2014,32,69.1,0
3/25/2014,33.1,45,0.03
3/27/2014,24.3,59,0
3/30/2014,42.1,62.1,0.23
4/1/2014,39,80.1,0
4/2/2014,52,86,0
4/5/2014,53.1,71.1,0
4/6/2014,44.1,60.1,0
4/7/2014,43,64,1.42
4/10/2014,39.9,73.9,0
4/18/2014,37.9,63,0.18
4/29/2014,52,64.9,0.05
5/9/2014,63,89.1,0.07
5/14/2014,68,89.1,0
5/15/2014,66.9,79,3.38
5/17/2014,46.9,71.1,0
6/1/2014,53.1,78.1,0
6/2/2014,52,82.9,0
6/4/2014,64.9,91.9,0.02
6/5/2014,72,91,0
6/12/2014,69.1,84.9,0.08
6/16/2014,69.1,95,0.08
6/18/2014,70,97,0
7/2/2014,75.9,97,0
7/4/2014,71.1,88,0
7/11/2014,69.1,86,0
7/15/2014,70,93.9,4.21
7/23/2014,71.1,91.9,0
7/24/2014,68,88,1.45
8/9/2014,64,73.9,1.01
8/17/2014,70,89.1,0
8/19/2014,69.1,86,0
8/25/2014,60.1,79,0
8/26/2014,60.1,82,0
8/28/2014,64.9,91.9,0
9/6/2014,71.1,91,0
9/19/2014,63,80.1,0
10/10/2014,57.9,84,0.63
10/13/2014,60.1,81,0
10/19/2014,44.1,64.9,0
10/24/2014,43,70,0
10/29/2014,55,78.1,0.18
11/2/2014,37,53.1,0
11/3/2014,29.1,64,0
11/13/2014,44.1,59,0
11/18/2014,23.2,43,0
11/20/2014,28.2,59,0
11/25/2014,48,64.9,0.1
11/30/2014,36,66,0
12/2/2014,46,55,0
12/10/2014,31.1,50,0
12/23/2014,37,46.9,0.9
12/31/2014,26.2,46,0
1/2/2015,41,54,0
1/4/2015,48.9,69.1,0.29
1/11/2015,17.2,48.9,0
1/12/2015,36,48,1.29
1/13/2015,31.1,44.1,0.03
1/20/2015,39,66.9,0
1/23/2015,35.1,41,0.67
1/25/2015,29.1,55,0
1/30/2015,29.1,48,0
2/6/2015,17.2,42.1,0
2/24/2015,19.2,30.2,0.09
2/25/2015,18.1,46,0.36
3/1/2015,28.2,35.1,0.67
3/7/2015,20.1,57.9,0
3/12/2015,48.9,66,0
3/15/2015,48,73,0
3/23/2015,43,57.9,0
3/26/2015,57,75,0.13
3/27/2015,39.9,66,0.18
3/31/2015,35.1,73.9,0
4/5/2015,33.1,68,0
4/6/2015,52,75.9,0
4/10/2015,64.9,84,0
4/13/2015,50,80.1,0
4/22/2015,44.1,77,0
4/23/2015,48.9,68,0
5/7/2015,57.9,82,0
5/8/2015,57,81,0
5/11/2015,69.1,87.1,0.14
5/12/2015,68,87.1,0
5/26/2015,64.9,89.1,0
6/2/2015,66.9,82,0.15
6/3/2015,63,68,0.02
6/5/2015,60.1,78.1,0.01
6/8/2015,64.9,89.1,0
6/10/2015,66.9,88,0.25
6/12/2015,71.1,90,0
6/15/2015,72,99,0
6/19/2015,72,95,0.23
6/21/2015,73,95,0
6/27/2015,70,88,0.99
6/29/2015,60.1,88,0
7/5/2015,69.1,90,0.79
7/7/2015,70,91,0
7/10/2015,73,93.9,0
7/18/2015,73.9,93,0.02
8/3/2015,69.1,95,0
8/9/2015,64,89.1,0
8/14/2015,64.9,88,0
8/27/2015,64.9,84,0
8/28/2015,60.1,87.1,0
8/29/2015,60.1,86,0
8/31/2015,66.9,77,1.75
9/3/2015,69.1,91,0
9/4/2015,68,91.9,0
9/23/2015,63,77,0
9/26/2015,64,69.1,1.02
10/5/2015,55.9,60.1,0.12
10/6/2015,51.1,73,0
10/12/2015,51.1,78.1,0
10/19/2015,32,60.1,0
10/20/2015,34,70,0
10/26/2015,52,64,0
10/28/2015,63,73,0.46
11/6/2015,64.9,75.9,0
11/16/2015,36,64.9,0
11/20/2015,39.9,62.1,0
11/22/2015,36,52,0
12/5/2015,29.1,55.9,0
12/6/2015,29.1,60.1,0
12/7/2015,41,57.9,0
12/13/2015,50,73,0
12/14/2015,62.1,75,0.04
12/31/2015,51.1,66,0.47
1/2/2016,32,52,0
1/4/2016,29.1,43,0
1/8/2016,39.9,46.9,0.04
1/9/2016,45,54,0.18
1/14/2016,27.1,60.1,0
1/17/2016,29.1,42.1,0.13
1/27/2016,39.9,52,0
1/28/2016,34,45,0
2/2/2016,48.9,60.1,0
2/6/2016,26.2,48,0
2/10/2016,24.3,39.9,0
2/15/2016,23.2,35.1,0.33
3/22/2016,32,66,0
3/25/2016,64,75.9,0.04
4/7/2016,53.1,69.1,0.09
4/8/2016,41,63,0
4/20/2016,57,75,0
4/28/2016,64,84.9,0.24
5/1/2016,59,77,0.18
5/3/2016,63,79,0.44
5/8/2016,60.1,82,0
5/9/2016,57.9,81,0.12
5/15/2016,48,66.9,0
5/23/2016,51.1,68,0.02
5/29/2016,64.9,75.9,1.95
5/31/2016,70,84.9,0
6/5/2016,70,89.1,0.69
6/6/2016,71.1,82,0.04
6/7/2016,66.9,88,0.05
6/20/2016,55.9,88,0
6/21/2016,66.9,91,0
6/25/2016,71.1,84.9,0
6/28/2016,71.1,78.1,1.25
7/5/2016,73,95,0.42
7/7/2016,73,93,0.06
7/17/2016,68,90,0
7/20/2016,70,89.1,0
7/21/2016,70,90,0
7/23/2016,72,95,0
7/25/2016,77,96.1,0
7/27/2016,75.9,95,0
7/28/2016,73.9,96.1,0
7/31/2016,72,96.1,0.13
8/2/2016,73,91,0.28
8/5/2016,73,88,0.18
8/9/2016,75,91,0
8/10/2016,73,91.9,0
8/11/2016,73.9,91.9,0
8/17/2016,75,97,0
8/19/2016,75,91,0.38
8/23/2016,64.9,89.1,0
8/28/2016,71.1,90,0
9/3/2016,64,81,0.44
9/4/2016,61,82.9,0
9/17/2016,66,89.1,0
9/19/2016,71.1,79,1.3
9/20/2016,71.1,75,0.02
10/7/2016,64.9,73.9,0.36
10/13/2016,48,79,0
10/15/2016,52,72,0
10/21/2016,55.9,78.1,0
10/27/2016,46.9,75,0.14
10/29/2016,48,78.1,0
10/30/2016,55.9,84,0
10/31/2016,54,71.1,0
11/2/2016,50,79,0
11/7/2016,37.9,64,0
11/15/2016,37,64,0
11/16/2016,35.1,69.1,0
11/26/2016,32,57.9,0
12/4/2016,41,46.9,0.32
12/12/2016,37,62.1,0.03
12/13/2016,37.9,55,0
12/18/2016,43,75,0.22
12/23/2016,29.1,53.1,0
12/26/2016,46.9,60.1,0.04
12/28/2016,36,60.1,0
1/7/2017,20.1,32,0.6
1/9/2017,9.1,31.1,0
1/16/2017,44.1,51.1,0
1/17/2017,46.9,62.1,0.04
1/19/2017,36,63,0
1/21/2017,51.1,55,0.38
1/25/2017,36,73,0
1/27/2017,30.2,51.1,0
1/29/2017,30.2,54,0.02
2/6/2017,31.1,68,0
2/10/2017,26.2,51.1,0
2/12/2017,57.9,82.9,0.05
2/13/2017,37,64,0
2/23/2017,50,77,0
2/26/2017,37,55.9,0
3/1/2017,59,79,0.97
3/4/2017,25.2,54,0
3/9/2017,37,75,0
3/10/2017,41,69.1,0
3/11/2017,31.1,50,0
3/22/2017,39,64,0
3/31/2017,57.9,79,0.42
4/1/2017,48.9,75,0
4/5/2017,53.1,78.1,0.32
4/20/2017,55.9,84.9,0
5/2/2017,60.1,77,0
5/3/2017,53.1,79,0
5/8/2017,43,71.1,0
5/10/2017,57,82.9,0.45
5/12/2017,54,61,0.07
5/15/2017,60.1,84.9,0
5/16/2017,57,87.1,0
5/21/2017,60.1,75.9,0
5/23/2017,66.9,71.1,0.69
5/31/2017,68,86,0
6/2/2017,61,84.9,0
6/6/2017,64,82.9,0
6/8/2017,55,73,0
6/13/2017,66.9,89.1,0
6/14/2017,66,93,0
6/19/2017,70,91.9,0.09
6/26/2017,60.1,84.9,0
6/27/2017,59,82.9,0
6/30/2017,69.1,87.1,0.05
7/1/2017,73,90,0
7/7/2017,73,91,0
7/10/2017,70,90,0
7/24/2017,71.1,93,0
8/13/2017,73,81,0.73
8/14/2017,73,88,0.21
8/18/2017,75,98.1,0.01
8/21/2017,71.1,93,0
8/24/2017,71.1,84,0
8/26/2017,68,82.9,0
9/10/2017,51.1,71.1,0
9/25/2017,63,82.9,0
10/8/2017,73.9,84,0.02
10/17/2017,42.1,64,0
10/31/2017,39,69.1,0
11/5/2017,51.1,70,0
11/6/2017,53.1,75.9,0
11/11/2017,28.2,46,0
11/14/2017,43,52,0
11/17/2017,34,57,0
11/18/2017,33.1,66.9,0
11/27/2017,26.2,61,0
11/29/2017,39.9,70,0
12/10/2017,27.1,43,0
12/13/2017,21.2,43,0
9/28/2009,55,86,0.22
10/7/2009,57.9,82.9,0
10/9/2009,55.9,82.9,0
10/12/2009,53.1,60.1,0.19
10/13/2009,52,77,0
10/25/2009,46.9,60.1,0
11/7/2009,33.1,66,0
11/8/2009,42.1,75.9,0
11/12/2009,46,48,0.58
11/25/2009,46.9,55.9,0.01
11/28/2009,28.9,57.9,0
12/4/2009,34,55.9,0
12/13/2009,36,42.1,0.29
12/26/2009,39,53.1,0
12/28/2009,30.9,46,0
1/2/2010,21.9,32,0
1/11/2010,15.1,45,0
1/13/2010,19,46,0
1/15/2010,28,63,0
1/17/2010,45,68,1.46
1/21/2010,37,41,0.65
1/28/2010,30,63,0
1/30/2010,19,28,0.61
2/6/2010,30,37,0.02
2/18/2010,28,50,0
2/23/2010,39.9,53.1,0
2/25/2010,30,42.1,0
3/4/2010,36,51.1,0
3/6/2010,28.9,55.9,0
3/7/2010,24.1,63,0
3/18/2010,45,68,0
3/22/2010,44.1,66,0
3/23/2010,39,66,0.01
3/24/2010,39,73.9,0
3/25/2010,48.9,75.9,0
3/27/2010,32,57.9,0
4/9/2010,46,66,0.61
4/13/2010,51.1,79,0
4/19/2010,39.9,68,0
4/22/2010,44.1,75,0
4/27/2010,50,68,0
5/3/2010,72,78.1,0
5/9/2010,48.9,68,0
5/23/2010,64.9,80.1,1.08
5/25/2010,64,78.1,0
6/4/2010,70,91.9,0
6/5/2010,73,91.9,0
6/13/2010,72,96.1,1.23
6/16/2010,73,91,0.16
6/23/2010,73,97,0.05
6/24/2010,73,99,0
7/1/2010,64,81,0
7/2/2010,57.9,82.9,0
7/6/2010,66,100.9,0
7/8/2010,73,99,0.01
7/12/2010,73.9,87.1,0.14
7/14/2010,72,91.9,0.23
7/16/2010,77,97,0
7/23/2010,75.9,100,0
7/29/2010,73.9,97,0.46
8/6/2010,72,91.9,0
8/12/2010,75.9,97,0.05
8/27/2010,66.9,91,0
9/2/2010,66,89.1,0
9/9/2010,57.9,91.9,0
9/16/2010,68,93.9,0
10/4/2010,53.1,68,0
10/10/2010,52,87.1,0
10/19/2010,54,79,0
10/23/2010,39,73.9,0
10/26/2010,64,81,0.53
10/28/2010,61,82,0
10/31/2010,44.1,75,0
11/4/2010,48,54,0.72
11/6/2010,37.9,53.1,0.16
11/8/2010,30.9,66.9,0
11/14/2010,32,70,0
11/20/2010,39.9,69.1,0
11/22/2010,43,73,0
11/25/2010,41,61,0
11/30/2010,48.9,72,0.01
12/15/2010,16,37,0
12/20/2010,25,42.1,0
12/26/2010,26.1,33.1,0.5
12/28/2010,19,46.9,0
1/3/2011,26.1,45,0
1/7/2011,30.9,46,0
1/10/2011,26.1,34,0.12
1/11/2011,28,32,0.08
1/23/2011,16,46,0
1/25/2011,30,51.1,0.17
1/31/2011,35.1,46.9,0
2/3/2011,32,44.1,0
2/4/2011,33.1,37,0.45
2/10/2011,26.1,46,0.03
2/17/2011,39.9,71.1,0
2/22/2011,33.1,64.9,0
3/1/2011,39.9,57,0
3/7/2011,34,54,0
3/9/2011,39,61,0.23
3/15/2011,42.1,55.9,0.1
3/25/2011,42.1,57,0
3/26/2011,39,50,0.34
3/29/2011,28.9,62.1,0
4/9/2011,48,57,1.04
4/11/2011,60.1,84,0
4/14/2011,43,75,0
4/15/2011,48.9,75.9,0
4/18/2011,50,80.1,0
5/4/2011,50,71.1,0.67
5/29/2011,70,89.1,0
6/1/2011,70,95,0
6/7/2011,64,93,0
6/15/2011,57.9,82.9,0
6/19/2011,66,91.9,0
6/21/2011,71.1,95,0
6/22/2011,72,96.1,0
6/23/2011,73.9,91.9,0
6/28/2011,72,99,0.29
7/3/2011,72,97,0
7/4/2011,70,99,1.38
7/5/2011,70,91.9,0
7/7/2011,70,93.9,0.06
7/18/2011,68,93.9,0
7/26/2011,73,93,0
8/3/2011,73,98.1,0
8/10/2011,70,93.9,0
8/11/2011,71.1,89.1,0
8/14/2011,64.9,87.1,1.08
8/17/2011,64,89.1,0
8/18/2011,69.1,89.1,0
8/22/2011,70,89.1,0
8/25/2011,72,91,0
8/28/2011,69.1,91.9,0
8/29/2011,66.9,90,1.36
8/31/2011,62.1,82.9,0
9/3/2011,69.1,87.1,0
9/10/2011,64,87.1,0
9/14/2011,66,89.1,0
10/1/2011,46.9,64,0
10/3/2011,42.1,68,0
10/11/2011,62.1,66.9,0.32
10/15/2011,46.9,73.9,0
10/16/2011,44.1,77,0
10/22/2011,43,66.9,0
10/27/2011,54,77,0
10/29/2011,34,54,0.87
10/31/2011,34,55.9,0.27
11/5/2011,37.9,55,0
11/8/2011,39.9,70,0
11/16/2011,62.1,79,0
11/17/2011,34,62.1,0.54
11/24/2011,37.9,64,0
11/26/2011,39,70,0
12/4/2011,30.9,64,0
12/11/2011,30,46.9,0
12/14/2011,39,60.1,0
12/15/2011,43,68,0
12/21/2011,55,64.9,0.25
12/23/2011,45,68,0
12/26/2011,34,54,0
12/28/2011,37.9,53.1,0
1/5/2012,30,55,0
1/19/2012,27,48.9,0
1/22/2012,32,37,0
1/23/2012,36,53.1,0
1/27/2012,46,69.1,0.22
2/2/2012,48.9,69.1,0.02
2/4/2012,37.9,55,0.23
2/13/2012,21.9,52,0
2/19/2012,33.1,54,0.71
2/20/2012,30,48.9,0
2/27/2012,33.1,48.9,0.24
2/29/2012,48,71.1,0.05
3/7/2012,34,70,0
3/12/2012,42.1,73,0
3/26/2012,53.1,77,0.03
3/29/2012,55.9,82.9,0
3/31/2012,59,75.9,0.27
6/14/2012,57,79,0
6/20/2012,69.1,93.9,0
8/20/2013,68,82.9,0
10/31/2013,57.9,75.9,0
11/1/2013,60.1,73,1.23
4/6/2012,39.9,63,0.05
4/21/2012,55,80.1,0.24
4/22/2012,48,62.1,0.82
4/23/2012,39.9,51.1,0.01
4/25/2012,39.9,68,0.03
5/11/2012,46.9,73.9,0
5/19/2012,54,77,0
5/26/2012,66,86,0
5/28/2012,72,90,0
5/30/2012,64,82,0.39
6/4/2012,61,82.9,0
6/6/2012,57,73.9,0.04
6/7/2012,54,81,0
6/8/2012,57,84,0
6/9/2012,57,89.1,0
6/11/2012,71.1,84,1.06
12/15/2017,31.1,43,0
12/16/2017,24.3,50,0
12/22/2017,36,61,0
12/24/2017,43,61,0
1/4/2018,18.1,30.2,0
1/7/2018,4.1,30.2,0
1/11/2018,41,64,0.11
1/21/2018,31.1,68,0
1/23/2018,46.9,70,0.83
2/5/2018,29.1,48,0
2/6/2018,29.1,59,0
2/8/2018,33.1,50,0
2/10/2018,43,64.9,0.08
2/11/2018,64,72,0
2/14/2018,37,57.9,0
2/17/2018,39.9,55.9,0.06
2/22/2018,61,78.1,0
2/27/2018,35.1,61,0
3/2/2018,41,55,0
3/6/2018,32,42.1,0.45
3/21/2018,32,42.1,0.05
3/22/2018,32,53.1,0
4/3/2018,45,75,0
4/5/2018,34,61,0
4/11/2018,37.9,62.1,0
4/12/2018,44.1,75,0
4/20/2018,34,64.9,0
4/21/2018,37,68,0
4/26/2018,48,75,0.18
5/7/2018,55,73.9,0
5/8/2018,53.1,77,0
5/10/2018,59,87.1,0.18
5/12/2018,66.9,91.9,0
5/21/2018,68,86,0.72
5/25/2018,64.9,86,0
5/29/2018,69.1,82,0.62
6/3/2018,69.1,88,0
6/5/2018,57,82,0
6/7/2018,62.1,84.9,0
6/9/2018,68,89.1,0
6/23/2018,73.9,91.9,0.18
6/27/2018,64.9,86,0
7/3/2018,75,95,0
7/5/2018,72,95,0.03
7/9/2018,57,87.1,0
7/12/2018,72,87.1,0.01
7/19/2018,63,90,0
7/22/2018,68,89.1,1.11
7/28/2018,71.1,91,0.84
7/31/2018,73,87.1,0.22
8/2/2018,71.1,89.1,0.26
8/11/2018,72,91,0.04
8/16/2018,68,91.9,0
8/24/2018,55,82,0
8/31/2018,69.1,91.9,0.27
9/1/2018,71.1,93,0.19
9/3/2018,69.1,91,0
9/5/2018,71.1,91,0
9/17/2018,72,88,1.32
9/25/2018,69.1,84.9,0
